試合＃,試合ID,日付,曜日,試合開始時間,タイムゾーン,相手チーム,ホーム/アウェイ,勝敗,最終スコア,都市,球場,球場タイプ,天気,気温,湿度,風速,風向き,,,,,,,,,,,,,,,,,,,,,,,,,,,,,,,,,,,,
game#,game id,game date,day,local start time,time zone,opponent team,home/away,game result,final score,city,stadium,stadium type,weather,temperature (°F),humidity (%),wind speed (mph),wind direction,,,,,,,,,,,,,,,,,,,,,,,,,,,,,,,,,,,,
1,20260326_MIL,2026-03-26,Thu,1:10 PM,CDT,MIL,Away,L,2 - 14,"Milwaukee, WI",American Family Field,Retractable,,,,,,,,,,,,,,,,,,,,,,,,,,,,,,,,,,,,,,,,,
2,20260328_MIL,2026-03-28,Sat,6:10 PM,CDT,MIL,Away,L,1 - 6,"Milwaukee, WI",American Family Field,Retractable,,,,,,,,,,,,,,,,,,,,,,,,,,,,,,,,,,,,,,,,,
3,20260329_MIL,2026-03-29,Sun,1:10 PM,CDT,MIL,Away,L,7 - 9,"Milwaukee, WI",American Family Field,Retractable,,,,,,,,,,,,,,,,,,,,,,,,,,,,,,,,,,,,,,,,,
4,20260330_MIA,2026-03-30,Mon,5:40 PM,EDT,MIA,Away,W,9 - 4,"Miami, FL",loanDepot park,Retractable,,,,,,,,,,,,,,,,,,,,,,,,,,,,,,,,,,,,,,,,,
5,20260331_MIA,2026-03-31,Tue,5:40 PM,EDT,MIA,Away,L,2 - 9,"Miami, FL",loanDepot park,Retractable,,,,,,,,,,,,,,,,,,,,,,,,,,,,,,,,,,,,,,,,,
6,20260401_MIA,2026-04-01,Wed,12:10 PM,EDT,MIA,Away,L,0 - 10,"Miami, FL",loanDepot park,Retractable,,,,,,,,,,,,,,,,,,,,,,,,,,,,,,,,,,,,,,,,,
7,20260403_TOR,2026-04-03,Fri,1:10 PM,CDT,TOR,Home,W,5 - 4,"Chicago, IL",Rate Field,Outdoor,,,,,,,,,,,,,,,,,,,,,,,,,,,,,,,,,,,,,,,,,
8,20260404_TOR,2026-04-04,Sat,1:10 PM,CDT,TOR,Home,W,6 - 3,"Chicago, IL",Rate Field,Outdoor,,,,,,,,,,,,,,,,,,,,,,,,,,,,,,,,,,,,,,,,,
9,20260405_TOR,2026-04-05,Sun,1:10 PM,CDT,TOR,Home,W,3 - 0,"Chicago, IL",Rate Field,Outdoor,,,,,,,,,,,,,,,,,,,,,,,,,,,,,,,,,,,,,,,,,
10,20260406_BAL,2026-04-06,Mon,6:40 PM,CDT,BAL,Home,L,1 - 2,"Chicago, IL",Rate Field,Outdoor,,,,,,,,,,,,,,,,,,,,,,,,,,,,,,,,,,,,,,,,,
11,20260407_BAL,2026-04-07,Tue,2:10 PM,CDT,BAL,Home,L,2 - 4,"Chicago, IL",Rate Field,Outdoor,,,,,,,,,,,,,,,,,,,,,,,,,,,,,,,,,,,,,,,,,
12,20260408_BAL,2026-04-08,Wed,1:10 PM,CDT,BAL,Home,L,3 - 5,"Chicago, IL",Rate Field,Outdoor,,,,,,,,,,,,,,,,,,,,,,,,,,,,,,,,,,,,,,,,,
13,20260409_KC,2026-04-09,Thu,6:40 PM,CDT,KC,Away,W,2 - 0,"Kansas City, MO",Kauffman Stadium,Outdoor,,,,,,,,,,,,,,,,,,,,,,,,,,,,,,,,,,,,,,,,,
14,20260410_KC,2026-04-10,Fri,6:40 PM,CDT,KC,Away,L,0 - 2,"Kansas City, MO",Kauffman Stadium,Outdoor,,,,,,,,,,,,,,,,,,,,,,,,,,,,,,,,,,,,,,,,,
15,20260411_KC,2026-04-11,Sat,3:10 PM,CDT,KC,Away,L,0 - 2,"Kansas City, MO",Kauffman Stadium,Outdoor,,,,,,,,,,,,,,,,,,,,,,,,,,,,,,,,,,,,,,,,,
16,20260412_KC,2026-04-12,Sun,1:10 PM,CDT,KC,Away,W,6 - 5,"Kansas City, MO",Kauffman Stadium,Outdoor,,,,,,,,,,,,,,,,,,,,,,,,,,,,,,,,,,,,,,,,,
17,20260414_TB,2026-04-14,Tue,6:40 PM,CDT,TB,Home ,L,5 - 8,"Chicago, IL",Rate Field,Outdoor,,,,,,,,,,,,,,,,,,,,,,,,,,,,,,,,,,,,,,,,,
18,20260415_TB,2026-04-15,Wed,6:40 PM,CDT,TB,Home ,L,3 - 8,"Chicago, IL",Rate Field,Outdoor,,,,,,,,,,,,,,,,,,,,,,,,,,,,,,,,,,,,,,,,,
19,20260416_TB,2026-04-16,Thu,1:10 PM,CDT,TB,Home ,L,3 - 5,"Chicago, IL",Rate Field,Outdoor,,,,,,,,,,,,,,,,,,,,,,,,,,,,,,,,,,,,,,,,,
20,20260417_ATH,2026-04-17,Fri,8:40 PM,PDT,ATH,Away,W,9 - 2,"West Sacramento, CA",Sutter Health Park,Outdoor,,,,,,,,,,,,,,,,,,,,,,,,,,,,,,,,,,,,,,,,,
21,20260418_ATH,2026-04-18,Sat,3:05 PM,PDT,ATH,Away,L,6 - 7,"West Sacramento, CA",Sutter Health Park,Outdoor,,,,,,,,,,,,,,,,,,,,,,,,,,,,,,,,,,,,,,,,,
22,20260419_ATH,2026-04-19,Sun,3:05 PM,PDT,ATH,Away,W,7 - 4,"West Sacramento, CA",Sutter Health Park,Outdoor,,,,,,,,,,,,,,,,,,,,,,,,,,,,,,,,,,,,,,,,,
23,20260421_ARI,2026-04-21,Tue,8:40 PM,MST,ARI,Away,W,11 - 5,"Phoenix, AZ",Chase Field,Retractable,,,,,,,,,,,,,,,,,,,,,,,,,,,,,,,,,,,,,,,,,
24,20260422_ARI,2026-04-22,Wed,8:40 PM,MST,ARI,Away,L,7 - 11,"Phoenix, AZ",Chase Field,Retractable,,,,,,,,,,,,,,,,,,,,,,,,,,,,,,,,,,,,,,,,,
25,20260423_ARI,2026-04-23,Thu,2:40 PM,MST,ARI,Away,W,4 - 1,"Phoenix, AZ",Chase Field,Retractable,,,,,,,,,,,,,,,,,,,,,,,,,,,,,,,,,,,,,,,,,
26,20260424_WSH,2026-04-24,Fri,6:40 PM,CDT,WSH,Home,W,5 - 4,"Chicago, IL",Rate Field,Outdoor,,,,,,,,,,,,,,,,,,,,,,,,,,,,,,,,,,,,,,,,,
27,20260425_WSH,2026-04-25,Sat,3:10 PM,CDT,WSH,Home,L,3 - 6,"Chicago, IL",Rate Field,Outdoor,,,,,,,,,,,,,,,,,,,,,,,,,,,,,,,,,,,,,,,,,
28,20260426_WSH,2026-04-26,Sun,1:10 PM,CDT,WSH,Home,L,1 - 2,"Chicago, IL",Rate Field,Outdoor,,,,,,,,,,,,,,,,,,,,,,,,,,,,,,,,,,,,,,,,,
29,20260427_LAA,2026-04-27,Mon,6:40 PM,CDT,LAA,Home,W,8 - 7,"Chicago, IL",Rate Field,Outdoor,,,,,,,,,,,,,,,,,,,,,,,,,,,,,,,,,,,,,,,,,
30,20260428_LAA,2026-04-28,Tue,6:40 PM,CDT,LAA,Home,W,5 - 2,"Chicago, IL",Rate Field,Outdoor,,,,,,,,,,,,,,,,,,,,,,,,,,,,,,,,,,,,,,,,,
31,20260429_LAA,2026-04-29,Wed,12:10 PM,CDT,LAA,Home,W,3 - 2,"Chicago, IL",Rate Field,Outdoor,,,,,,,,,,,,,,,,,,,,,,,,,,,,,,,,,,,,,,,,,
32,20260501_SD,2026-05-01,Fri,8:40 PM,PDT,SD,Away,W,8 - 2,"San Diego, CA",Petco Park,Outdoor,,,,,,,,,,,,,,,,,,,,,,,,,,,,,,,,,,,,,,,,,
33,20260502_SD,2026-05-02,Sat,7:40 PM,PDT,SD,Away,W,4 - 0,"San Diego, CA",Petco Park,Outdoor,,,,,,,,,,,,,,,,,,,,,,,,,,,,,,,,,,,,,,,,,
34,20260503_SD,2026-05-03,Sun,3:10 PM,PDT,SD,Away,L,3 - 4,"San Diego, CA",Petco Park,Outdoor,,,,,,,,,,,,,,,,,,,,,,,,,,,,,,,,,,,,,,,,,
35,20260504_LAA,2026-05-04,Mon,8:38 PM,PDT,LAA,Away,W,6 - 0,"Anaheim, CA",Angel Stadium,Outdoor,,,,,,,,,,,,,,,,,,,,,,,,,,,,,,,,,,,,,,,,,
36,20260505_LAA,2026-05-05,Tue,8:38 PM,PDT,LAA,Away,L,3 - 4,"Anaheim, CA",Angel Stadium,Outdoor,,,,,,,,,,,,,,,,,,,,,,,,,,,,,,,,,,,,,,,,,
37,20260506_LAA,2026-05-06,Wed,3:07 PM,PDT,LAA,Away,L,2 - 8,"Anaheim, CA",Angel Stadium,Outdoor,,,,,,,,,,,,,,,,,,,,,,,,,,,,,,,,,,,,,,,,,
38,20260508_SEA,2026-05-08,Fri,6:40 PM,CDT,SEA,Home,L,8 - 12,"Chicago, IL",Rate Field,Outdoor,Partly Cloudy,62,,9,L-R,,,,,,,,,,,,,,,,,,,,,,,,,,,,,,,,,,,,
39,20260509_SEA,2026-05-09,Sat,6:10 PM,CDT,SEA,Home,W,6 - 11,"Chicago, IL",Rate Field,Outdoor,Partly Cloudy,66,,15,Out,,,,,,,,,,,,,,,,,,,,,,,,,,,,,,,,,,,,
40,20260510_SEA,2026-05-10,Sun,1:10 PM,CDT,SEA,Home,W,2 - 1,"Chicago, IL",Rate Field,Outdoor,Partly Cloudy,61,,9,L-R,,,,,,,,,,,,,,,,,,,,,,,,,,,,,,,,,,,,
41,20260512_KC,2026-05-12,Tue,6:40 PM,CDT,KC,Home,W,6 - 5,"Chicago, IL",Rate Field,Outdoor,Cloudy,65,,13,L-R,,,,,,,,,,,,,,,,,,,,,,,,,,,,,,,,,,,,
42,20260513_KC,2026-05-13,Wed,6:40 PM,CDT,KC,Home,W,6 - 5,"Chicago, IL",Rate Field,Outdoor,Partly Cloudy,50,,9,L-R,,,,,,,,,,,,,,,,,,,,,,,,,,,,,,,,,,,,
43,20260514_KC,2026-05-14,Thu,6:40 PM,CDT,KC,Home,W,6 - 2,"Chicago, IL",Rate Field,Outdoor,Clear,70,,13,R-L,,,,,,,,,,,,,,,,,,,,,,,,,,,,,,,,,,,,
44,20260515_CHC,2026-05-15,Fri,6:40 PM,CDT,CHC,Home,L,5 - 10,"Chicago, IL",Rate Field,Outdoor,Clear,71,,14,R-L,,,,,,,,,,,,,,,,,,,,,,,,,,,,,,,,,,,,
45,20260516_CHC,2026-05-16,Sat,6:10 PM,CDT,CHC,Home,W,8 - 3,"Chicago, IL",Rate Field,Outdoor,Partly Cloudy,75,,7,In,,,,,,,,,,,,,,,,,,,,,,,,,,,,,,,,,,,,
46,20260517_CHC,2026-05-17,Sun,1:10 PM,CDT,CHC,Home,W,9 - 8,"Chicago, IL",Rate Field,Outdoor,Partly Cloudy,85,,22,R-L,,,,,,,,,,,,,,,,,,,,,,,,,,,,,,,,,,,,
47,20260518_SEA,2026-05-18,Mon,8:40 PM,PDT,SEA,Away,L,1 - 6,"Seattle, WA",T-Mobile Park,Retractable,Dome,Dome,,Dome,Dome,,,,,,,,,,,,,,,,,,,,,,,,,,,,,,,,,,,,
48,20260519_SEA,2026-05-19,Tue,8:40 PM,PDT,SEA,Away,W,2 - 1,"Seattle, WA",T-Mobile Park,Retractable,Dome,Dome,,Dome,Dome,,,,,,,,,,,,,,,,,,,,,,,,,,,,,,,,,,,,
49,20260520_SEA,2026-05-20,Wed,3:10 PM,PDT,SEA,Away,L,4 - 5,"Seattle, WA",T-Mobile Park,Retractable,Dome,Dome,,Dome,Dome,,,,,,,,,,,,,,,,,,,,,,,,,,,,,,,,,,,,
50,20260522_SF,2026-05-22,Fri,9:15 PM,PDT,SF,Away,W,9 - 4,"San Francisco, CA",Oracle Park,Outdoor,Partly Cloudy,56,,9,Out,,,,,,,,,,,,,,,,,,,,,,,,,,,,,,,,,,,,
51,20260523_SF,2026-05-23,Sat,3:05 PM,PDT,SF,Away,L,3 - 10,"San Francisco, CA",Oracle Park,Outdoor,Partly Cloudy,69,,13,Out,,,,,,,,,,,,,,,,,,,,,,,,,,,,,,,,,,,,
52,20260524_SF,2026-05-24,Sun,3:05 PM,PDT,SF,Away,L,5 - 8,"San Francisco, CA",Oracle Park,Outdoor,Partly Cloudy,68,,14,Out,,,,,,,,,,,,,,,,,,,,,,,,,,,,,,,,,,,,
53,20260525_MIN,2026-05-25,Mon,1:10 PM,CDT,MIN,Home ,W,3 - 1,"Chicago, IL",Rate Field,Outdoor,Partly Cloudy,82,,8,R-L,,,,,,,,,,,,,,,,,,,,,,,,,,,,,,,,,,,,
54,20260526_MIN,2026-05-26,Tue,6:40 PM,CDT,MIN,Home ,L,3 - 5,"Chicago, IL",Rate Field,Outdoor,Partly Cloudy,65,,6,In,,,,,,,,,,,,,,,,,,,,,,,,,,,,,,,,,,,,
55,20260527_MIN,2026-05-27,Wed,6:40 PM,CDT,MIN,Home ,W,15 - 2,"Chicago, IL",Rate Field,Outdoor,Partly Cloudy,70,,11,L-R,,,,,,,,,,,,,,,,,,,,,,,,,,,,,,,,,,,,
56,20260528_MIN,2026-05-28,Thu,1:10 PM,CDT,MIN,Home ,W,6 - 2,"Chicago, IL",Rate Field,Outdoor,Partly Cloudy,69,,17,L-R,,,,,,,,,,,,,,,,,,,,,,,,,,,,,,,,,,,,
57,20260529_DET,2026-05-29,Fri,6:40 PM,CDT,DET,Home ,W,4 - 3,"Chicago, IL",Rate Field,Outdoor,Partly Cloudy,70,,8,L-R,,,,,,,,,,,,,,,,,,,,,,,,,,,,,,,,,,,,
58,20260530_DET,2026-05-30,Sat,1:10 PM,CDT,DET,Home ,W,7 - 1,"Chicago, IL",Rate Field,Outdoor,Partly Cloudy,72,,13,L-R,,,,,,,,,,,,,,,,,,,,,,,,,,,,,,,,,,,,
59,20260531_DET,2026-05-31,Sun,1:10 PM,CDT,DET,Home ,W,2 - 1,"Chicago, IL",Rate Field,Outdoor,Partly Cloudy,70,,8,L-R,,,,,,,,,,,,,,,,,,,,,,,,,,,,,,,,,,,,
60,20260601_MIN,2026-06-01,Mon,6:40 PM,CDT,MIN,Away,L,6 - 9,"Minneapolis, MN",Target Field,Outdoor,Partly Cloudy,75,,5,In,,,,,,,,,,,,,,,,,,,,,,,,,,,,,,,,,,,,
61,20260602_MIN,2026-06-02,Tue,6:40 PM,CDT,MIN,Away,L,4 - 6,"Minneapolis, MN",Target Field,Outdoor,Partly Cloudy,77,,8,R-L,,,,,,,,,,,,,,,,,,,,,,,,,,,,,,,,,,,,
62,20260603_MIN,2026-06-03,Wed,12:40 PM,CDT,MIN,Away,W,8 - 0,"Minneapolis, MN",Target Field,Outdoor,Clear,82,,13,R-L,,,,,,,,,,,,,,,,,,,,,,,,,,,,,,,,,,,,
63,20260605_PHI,2026-06-05,Fri,5:40 PM,EDT,PHI,Away,L,6 - 8,"Philadelphia, PA",Citizens Bank Park,Outdoor,Partly Cloudy,85,,6,Out,,,,,,,,,,,,,,,,,,,,,,,,,,,,,,,,,,,,
64,20260606_PHI,2026-06-06,Sat,3:05 PM,EDT,PHI,Away,W,6 - 3,"Philadelphia, PA",Citizens Bank Park,Outdoor,Partly Cloudy,91,,11,Out,,,,,,,,,,,,,,,,,,,,,,,,,,,,,,,,,,,,
65,20260607_PHI,2026-06-07,Sun,12:35 PM,EDT,PHI,Away,L,5 - 9,"Philadelphia, PA",Citizens Bank Park,Outdoor,Partly Cloudy,88,,17,L-R,,,,,,,,,,,,,,,,,,,,,,,,,,,,,,,,,,,,
66,20260609_ATL,2026-06-09,Tue,6:40 PM,CDT,ATL,Home,W,6 - 5,"Chicago, IL",Rate Field,Outdoor,Partly Cloudy,82,,6,L-R,,,,,,,,,,,,,,,,,,,,,,,,,,,,,,,,,,,,
67,20260610_ATL,2026-06-10,Wed,6:40 PM,CDT,ATL,Home,W,2 - 1,"Chicago, IL",Rate Field,Outdoor,Rained Out,75,,14,R-L,,,,,,,,,,,,,,,,,,,,,,,,,,,,,,,,,,,,
68,20260612_LAD,2026-06-12,Fri,6:40 PM,CDT,LAD,Home,W,8 - 2,"Chicago, IL",Rate Field,Outdoor,Clear,76,,8,L ,,,,,,,,,,,,,,,,,,,,,,,,,,,,,,,,,,,,
69,20260613_LAD,2026-06-13,Sat,3:10 PM,CDT,LAD,Home,L,1 - 7,"Chicago, IL",Rate Field,Outdoor,Partly Cloudy,80,,14,R-L,,,,,,,,,,,,,,,,,,,,,,,,,,,,,,,,,,,,
70,20260614_LAD,2026-06-14,Sun,1:10 PM,CDT,LAD,Home,W,6 - 4,"Chicago, IL",Rate Field,Outdoor,Partly Cloudy,67,,17,Out,,,,,,,,,,,,,,,,,,,,,,,,,,,,,,,,,,,,
71,20260616_NYY,2026-06-16,Tue,6:05 PM,EDT,NYY,Away,L, 2 - 12,"Bronx, NY",Yankee Stadium,Outdoor,Clear,76,,8,R-L,,,,,,,,,,,,,,,,,,,,,,,,,,,,,,,,,,,,
72,20260617_NYY,2026-06-17,Wed,6:05 PM,EDT,NYY,Away,L,10 - 5,"Bronx, NY",Yankee Stadium,Outdoor,Partly Cloudy,71,,10,R-L,,,,,,,,,,,,,,,,,,,,,,,,,,,,,,,,,,,,
73,20260618_NYY,2026-06-18,Thu,6:05 PM,EDT,NYY,Away,W,5 - 1,"Bronx, NY",Yankee Stadium,Outdoor,Partly Cloudy,84,,17,Out,,,,,,,,,,,,,,,,,,,,,,,,,,,,,,,,,,,,
74,20260619_DET,2026-06-19,Fri,5:40 PM,EDT,DET,Away,L,3 - 4,"Detroit, MI",Comerica Park,Outdoor,Clear,76,,12,R-L,,,,,,,,,,,,,,,,,,,,,,,,,,,,,,,,,,,,
75,20260620_DET,2026-06-20,Sat,12:10 PM,EDT,DET,Away,L,1 - 4,"Detroit, MI",Comerica Park,Outdoor,Partly Cloudy,74,,14,Out,,,,,,,,,,,,,,,,,,,,,,,,,,,,,,,,,,,,
76,20260621_DET,2026-06-21,Sun,12:40 PM,EDT,DET,Away,L,4 - 5,"Detroit, MI",Comerica Park,Outdoor,Partly Cloudy,71,,7,In,,,,,,,,,,,,,,,,,,,,,,,,,,,,,,,,,,,,
77,20260622_CLE,2026-06-22,Mon,6:40 PM,CDT,CLE,Home,W,6 - 5,"Chicago, IL",Rate Field,Outdoor,Partly Cloudy,66,,12,L-R,,,,,,,,,,,,,,,,,,,,,,,,,,,,,,,,,,,,
78,20260623_CLE,2026-06-23,Tue,6:40 PM,CDT,CLE,Home,W,2 - 1,"Chicago, IL",Rate Field,Outdoor,Partly Cloudy,76,,6,L-R,,,,,,,,,,,,,,,,,,,,,,,,,,,,,,,,,,,,
79,20260624_CLE,2026-06-24,Wed,1:10 PM,CDT,CLE,Home,L,3 - 4,"Chicago, IL",Rate Field,Outdoor,Rained Out,66,,8,In,,,,,,,,,,,,,,,,,,,,,,,,,,,,,,,,,,,,
80,20260626_KC,2026-06-26,Fri,6:40 PM,CDT,KC,Home,W,22 - 1,"Chicago, IL",Rate Field,Outdoor,Cloudy,62,,9,L-R,,,,,,,,,,,,,,,,,,,,,,,,,,,,,,,,,,,,
81,20260627_KC,2026-06-27,Sat,3:10 PM,CDT,KC,Home,W,2 - 1,"Chicago, IL",Rate Field,Outdoor,Partly Cloudy,70,,13,L-R,,,,,,,,,,,,,,,,,,,,,,,,,,,,,,,,,,,,
82,20260628_KC,2026-06-28,Sun,1:10 PM,CDT,KC,Home,L,4 - 5,"Chicago, IL",Rate Field,Outdoor,Partly Cloudy,79,,10,In,,,,,,,,,,,,,,,,,,,,,,,,,,,,,,,,,,,,
83,20260629_BAL,2026-06-29,Mon,5:35 PM,EDT,BAL,Away,W,8 - 2,"Baltimore, MD",Oriole Park at Camden Yards,Outdoor,Partly Cloudy,83,,5,R-L,,,,,,,,,,,,,,,,,,,,,,,,,,,,,,,,,,,,
84,20260630_BAL,2026-06-30,Tue,5:35 PM,EDT,BAL,Away,W,9 - 3,"Baltimore, MD",Oriole Park at Camden Yards,Outdoor,Partly Cloudy,83,,7,R-L,,,,,,,,,,,,,,,,,,,,,,,,,,,,,,,,,,,,
85,20260701_BAL,2026-07-01,Wed,11:35 AM,EDT,BAL,Away,L,1 - 6,"Baltimore, MD",Oriole Park at Camden Yards,Outdoor,Partly Cloudy,93,,8,L-R,,,,,,,,,,,,,,,,,,,,,,,,,,,,,,,,,,,,
86,20260702_CLE,2026-07-02,Thu,5:40 PM,EDT,CLE,Away,L,5 - 6,"Cleveland, OH",Progressive Field,Outdoor,Clear,95,,6,L-R,,,,,,,,,,,,,,,,,,,,,,,,,,,,,,,,,,,,
87,20260703_CLE,2026-07-03,Fri,6:10 PM,EDT,CLE,Away,L,3 - 4,"Cleveland, OH",Progressive Field,Outdoor,Partly Cloudy,86,,5,L-R,,,,,,,,,,,,,,,,,,,,,,,,,,,,,,,,,,,,
88,20260704_CLE,2026-07-04,Sat,6:10 PM,EDT,CLE,Away,W,3 - 1,"Cleveland, OH",Progressive Field,Outdoor,Partly Cloudy,76,,6,L-R,,,,,,,,,,,,,,,,,,,,,,,,,,,,,,,,,,,,
89,20260705_CLE,2026-07-05,Sun,1:00 PM,EDT,CLE,Away,W,7 - 6,"Cleveland, OH",Progressive Field,Outdoor,Rained Out,79,,10,R-L,,,,,,,,,,,,,,,,,,,,,,,,,,,,,,,,,,,,
90,20260707_BOS,2026-07-07,Tue,6:40 PM,CDT,BOS,Home,L,1 - 8,"Chicago, IL",Rate Field,Outdoor,Partly Cloudy,77,,5,In,,,,,,,,,,,,,,,,,,,,,,,,,,,,,,,,,,,,
91,20260708_BOS,2026-07-08,Wed,6:40 PM,CDT,BOS,Home,L,0 - 5,"Chicago, IL",Rate Field,Outdoor,Clear,84,,7,R-L,,,,,,,,,,,,,,,,,,,,,,,,,,,,,,,,,,,,
92,20260709_BOS,2026-07-09,Thu,1:10 PM,CDT,BOS,Home,L,1 - 2,"Chicago, IL",Rate Field,Outdoor,Partly Cloudy,85,,9,L-R,,,,,,,,,,,,,,,,,,,,,,,,,,,,,,,,,,,,
93,20260710_ATH,2026-07-10,Fri,6:40 PM,CDT,ATH,Home,W,14 - 1,"Chicago, IL",Rate Field,Outdoor,Partly Cloudy,73,,11,L-R,,,,,,,,,,,,,,,,,,,,,,,,,,,,,,,,,,,,
94,20260711_ATH,2026-07-11,Sat,3:10 PM,CDT,ATH,Home,W,1 - 0,"Chicago, IL",Rate Field,Outdoor,Partly Cloudy,79,,14,L-R,,,,,,,,,,,,,,,,,,,,,,,,,,,,,,,,,,,,
95,20260712_ATH,2026-07-12,Sun,1:10 PM,CDT,ATH,Home,W,9 - 1,"Chicago, IL",Rate Field,Outdoor,Partly Cloudy,83,,9,L-R,,,,,,,,,,,,,,,,,,,,,,,,,,,,,,,,,,,,
96,20260717_TOR,2026-07-17,Fri,6:15 PM,EDT,TOR,Away,W,12 - 4,"Toronto, ON",Rogers Centre,Retractable,Dome,Dome,,Dome,Dome,,,,,,,,,,,,,,,,,,,,,,,,,,,,,,,,,,,,
97,20260718_TOR,2026-07-18,Sat,2:07 PM,EDT,TOR,Away,L,0 - 1,"Toronto, ON",Rogers Centre,Retractable,Dome,Dome,,Dome,Dome,,,,,,,,,,,,,,,,,,,,,,,,,,,,,,,,,,,,
98,20260719_TOR,2026-07-19,Sun,11:15 AM,EDT,TOR,Away,W,3 - 0,"Toronto, ON",Rogers Centre,Retractable,Dome,Dome,,Dome,Dome,,,,,,,,,,,,,,,,,,,,,,,,,,,,,,,,,,,,
99,20260720_TEX,2026-07-20,Mon,7:05 PM,CDT,TEX,Away,W,10 - 3,"Arlington, TX",Globe Life Field,Retractable,Dome,Dome,,Dome,Dome,,,,,,,,,,,,,,,,,,,,,,,,,,,,,,,,,,,,
100,20260721_TEX,2026-07-21,Tue,7:05 PM,CDT,TEX,Away,L,0 - 10,"Arlington, TX",Globe Life Field,Retractable,Dome,Dome,,Dome,Dome,,,,,,,,,,,,,,,,,,,,,,,,,,,,,,,,,,,,
101,20260722_TEX,2026-07-22,Wed,7:05 PM,CDT,TEX,Away,W,4 - 2,"Arlington, TX",Globe Life Field,Retractable,Dome,Dome,,Dome,Dome,,,,,,,,,,,,,,,,,,,,,,,,,,,,,,,,,,,,
102,20260724_HOU,2026-07-24,Fri,6:40 PM,CDT,HOU,Home,L,5 - 9,"Chicago, IL",Rate Field,Outdoor,Partly Cloudy,75,,6,In,,,,,,,,,,,,,,,,,,,,,,,,,,,,,,,,,,,,
103,20260725_HOU,2026-07-25,Sat,6:10 PM,CDT,HOU,Home,L,1- -4,"Chicago, IL",Rate Field,Outdoor,Cloudy,77,,7,R-L,,,,,,,,,,,,,,,,,,,,,,,,,,,,,,,,,,,,
104,20260726_HOU,2026-07-26,Sun,1:10 PM,CDT,HOU,Home,W,3-12,"Chicago, IL",Rate Field,Outdoor,Partly Cloudy,89,,7,R-L,,,,,,,,,,,,,,,,,,,,,,,,,,,,,,,,,,,,
105,20260727_NYY,2026-07-27,Mon,6:40 PM,CDT,NYY,Home,L,5 - 9,"Chicago, IL",Rate Field,Outdoor,Rained Out,77,,13,R-L,,,,,,,,,,,,,,,,,,,,,,,,,,,,,,,,,,,,
106,20260728_NYY,2026-07-28,Tue,6:40 PM,CDT,NYY,Home,L,2 - 3,"Chicago, IL",Rate Field,Outdoor,Clear,75,,9,In,,,,,,,,,,,,,,,,,,,,,,,,,,,,,,,,,,,,
107,20260729_NYY,2026-07-29,Wed,6:40 PM,CDT,NYY,Home,W,6 - 5,"Chicago, IL",Rate Field,Outdoor,Clear,73,,6,L-R,,,,,,,,,,,,,,,,,,,,,,,,,,,,,,,,,,,,
108,20260730_NYY,2026-07-30,Thu,1:10 PM,CDT,NYY,Home,W,2 - 1,"Chicago, IL",Rate Field,Outdoor,Partly Cloudy,85,,7,Out,,,,,,,,,,,,,,,,,,,,,,,,,,,,,,,,,,,,
109,20260731_TB,2026-07-31,Fri,6:10 PM,EDT,TB,Away,W,6 - 1,"St. Petersburg, FL",Tropicana Field,Indoor,Dome,Dome,,Dome,Dome,,,,,,,,,,,,,,,,,,,,,,,,,,,,,,,,,,,,
110,20260801_TB,2026-08-01,Sat,3:10 PM,EDT,TB,Away,L,0 - 1,"St. Petersburg, FL",Tropicana Field,Indoor,Dome,Dome,,Dome,Dome,,,,,,,,,,,,,,,,,,,,,,,,,,,,,,,,,,,,
111,20260802_TB,2026-08-02,Sun,12:40 PM,EDT,TB,Away,W,9 - 1,"St. Petersburg, FL",Tropicana Field,Indoor,Dome,Dome,,Dome,Dome,,,,,,,,,,,,,,,,,,,,,,,,,,,,,,,,,,,,
112,20260804_BOS,2026-08-04,Tue,6:10 PM,EDT,BOS,Away,L,2 - 14,"Boston, MA",Fenway Park,Outdoor,Partly Cloudy,75,,5,Out,,,,,,,,,,,,,,,,,,,,,,,,,,,,,,,,,,,,
113,20260805_BOS,2026-08-05,Wed,6:10 PM,EDT,BOS,Away,L,0 - 4,"Boston, MA",Fenway Park,Outdoor,Partly Cloudy,78,,6,Out,,,,,,,,,,,,,,,,,,,,,,,,,,,,,,,,,,,,
114,20260806_BOS,2026-08-06,Thu,6:10 PM,EDT,BOS,Away,L,11 - 12,"Boston, MA",Fenway Park,Outdoor,Partly Cloudy,81,,6,Out,,,,,,,,,,,,,,,,,,,,,,,,,,,,,,,,,,,,
115,20260807_CLE,2026-08-07,Fri,6:40 PM,CDT,CLE,Home,L,2 - 8,"Chicago, IL",Rate Field,Outdoor,Partly Cloudy,80.0,,8,R-L,,,,,,,,,,,,,,,,,,,,,,,,,,,,,,,,,,,,
116,20260808_CLE,2026-08-08,Sat,6:10 PM,CDT,CLE,Home,W,6 - 3,"Chicago, IL",Rate Field,Outdoor,Partly Cloudy,77,,5,In,,,,,,,,,,,,,,,,,,,,,,,,,,,,,,,,,,,,
117,20260809_CLE,2026-08-09,Sun,1:10 PM,CDT,CLE,Home,W,5 - 3,"Chicago, IL",Rate Field,Outdoor,Rained Out,78,,12,R-L,,,,,,,,,,,,,,,,,,,,,,,,,,,,,,,,,,,,
118,20260811_CIN,2026-08-11,Tue,6:40 PM,CDT,CIN,Home,L,4 - 5,"Chicago, IL",Rate Field,Outdoor,Partly Cloudy,78,,6,In,,,,,,,,,,,,,,,,,,,,,,,,,,,,,,,,,,,,
119,20260812_CIN,2026-08-12,Wed,6:40 PM,CDT,CIN,Home,W,5 - 0,"Chicago, IL",Rate Field,Outdoor,Partly Cloudy,75,,5,L-R,,,,,,,,,,,,,,,,,,,,,,,,,,,,,,,,,,,,
120,20260813_CIN,2026-08-13,Thu,1:10 PM,CDT,CIN,Home,L,8 - 9,"Chicago, IL",Rate Field,Outdoor,Cloudy,74,,8,In,,,,,,,,,,,,,,,,,,,,,,,,,,,,,,,,,,,,
121,20260814_DET,2026-08-14,Fri,5:40 PM,EDT,DET,Away,W,9 - 5,"Detroit, MI",Comerica Park,Outdoor,Cloudy,77,,9,L-R,,,,,,,,,,,,,,,,,,,,,,,,,,,,,,,,,,,,
122,20260815_DET,2026-08-15,Sat,12:10 PM,EDT,DET,Away,W,4 - 3,"Detroit, MI",Comerica Park,Outdoor,Cloudy,76,,7,L-R,,,,,,,,,,,,,,,,,,,,,,,,,,,,,,,,,,,,
123,20260816_DET,2026-08-16,Sun,12:40 PM,EDT,DET,Away,W,7 - 5,"Detroit, MI",Comerica Park,Outdoor,Rained Out,82,,9,R-L,,,,,,,,,,,,,,,,,,,,,,,,,,,,,,,,,,,,
124,20260817_CHC,2026-08-17,Mon,7:05 PM,CDT,CHC,Away,L,5 - 7,"Chicago, IL",Wrigley Field,Outdoor,Clear,72,,4,Out,,,,,,,,,,,,,,,,,,,,,,,,,,,,,,,,,,,,
125,20260818_CHC,2026-08-18,Tue,7:05 PM,CDT,CHC,Away,L,3 - 4,"Chicago, IL",Wrigley Field,Outdoor,Rained Out,74,,10,Out,,,,,,,,,,,,,,,,,,,,,,,,,,,,,,,,,,,,
126,20260819_CHC,2026-08-19,Wed,1:20 PM,CDT,CHC,Away,W,3 - 0,"Chicago, IL",Wrigley Field,Outdoor,Cloudy,82,,20,L-R,,,,,,,,,,,,,,,,,,,,,,,,,,,,,,,,,,,,
127,20260820_ATL,2026-08-20,Thu,1:10 PM,CDT,ATL,Home ,L,0 - 2,"Chicago, IL",Rate Field,Outdoor,Clear,82,,8,L-R,,,,,,,,,,,,,,,,,,,,,,,,,,,,,,,,,,,,
128,20260821_NYM,2026-08-21,Fri,6:40 PM,CDT,NYM,Home,W,6 - 4,"Chicago, IL",Rate Field,Outdoor,Rained Out,75,,7,R-L,,,,,,,,,,,,,,,,,,,,,,,,,,,,,,,,,,,,
129,20260822_NYM,2026-08-22,Sat,6:10 PM,CDT,NYM,Home,L,5 - 10,"Chicago, IL",Rate Field,Outdoor,Partly Cloudy,72,,10,Out,,,,,,,,,,,,,,,,,,,,,,,,,,,,,,,,,,,,
130,20260823_NYM,2026-08-23,Sun,1:10 PM,CDT,NYM,Home,W,2 - 1,"Chicago, IL",Rate Field,Outdoor,Partly Cloudy,75,,5,In,,,,,,,,,,,,,,,,,,,,,,,,,,,,,,,,,,,,
131,20260824_TEX,2026-08-24,Mon,6:40 PM,CDT,TEX,Home,L,2 - 11,"Chicago, IL",Rate Field,Outdoor,Partly Cloudy,70,,6,L-R,,,,,,,,,,,,,,,,,,,,,,,,,,,,,,,,,,,,
132,20260825_TEX,2026-08-25,Tue,6:40 PM,CDT,TEX,Home,W,11 - 7,"Chicago, IL",Rate Field,Outdoor,Partly Cloudy,74,,7,R-L,,,,,,,,,,,,,,,,,,,,,,,,,,,,,,,,,,,,
133,20260826_TEX,2026-08-26,Wed,6:40 PM,CDT,TEX,Home,W,10 - 4,"Chicago, IL",Rate Field,Outdoor,Partly Cloudy,77,,9,Out,,,,,,,,,,,,,,,,,,,,,,,,,,,,,,,,,,,,
134,20260828_MIN,2026-08-28,Fri,7:10 PM,CDT,MIN,Away,W,7 - 4,"Minneapolis, MN",Target Field,Outdoor,Partly Cloudy,78,,7,R-L,,,,,,,,,,,,,,,,,,,,,,,,,,,,,,,,,,,,
135,20260829_MIN,2026-08-29,Sat,1:10 PM,CDT,MIN,Away,W,3 - 2,"Minneapolis, MN",Target Field,Outdoor,Cloudy,79,,8,R-L,,,,,,,,,,,,,,,,,,,,,,,,,,,,,,,,,,,,
136,20260830_MIN,2026-08-30,Sun,1:10 PM,CDT,MIN,Away,L,1 - 5,"Minneapolis, MN",Target Field,Outdoor,Cloudy,84,,12,In,,,,,,,,,,,,,,,,,,,,,,,,,,,,,,,,,,,,
137,20260831_HOU,2026-08-31,Mon,7:10 PM,CDT,HOU,Away,L,3 - 6,"Houston, TX",Daikin Park,Indoor,Dome,Dome,,Dome,Dome,,,,,,,,,,,,,,,,,,,,,,,,,,,,,,,,,,,,
138,20260901_HOU,2026-09-01,Tue,7:10 PM,CDT,HOU,Away,W,5 - 1,"Houston, TX",Daikin Park,Indoor,Dome,Dome,,Dome,Dome,,,,,,,,,,,,,,,,,,,,,,,,,,,,,,,,,,,,
139,20260902_HOU,2026-09-02,Wed,7:10 PM,CDT,HOU,Away,L,0 - 2,"Houston, TX",Daikin Park,Indoor,Dome,Dome,,Dome,Dome,,,,,,,,,,,,,,,,,,,,,,,,,,,,,,,,,,,,
140,20260903_HOU,2026-09-03,Thu,1:10 PM,CDT,HOU,Away,L,2 - 6,"Houston, TX",Daikin Park,Indoor,Dome,Dome,,Dome,Dome,,,,,,,,,,,,,,,,,,,,,,,,,,,,,,,,,,,,
141,20260904_MIN,2026-09-04,Fri,6:40 PM,CDT,MIN,Home,W,4 - 1,"Chicago, IL",Rate Field,Outdoor,Partly Cloudy,85,,6,Out,,,,,,,,,,,,,,,,,,,,,,,,,,,,,,,,,,,,
142,20260905_MIN,2026-09-05,Sat,6:10 PM,CDT,MIN,Home,L,4 - 6,"Chicago, IL",Rate Field,Outdoor,Partly Cloudy,73,,12,L-R,,,,,,,,,,,,,,,,,,,,,,,,,,,,,,,,,,,,
143,20260906_MIN,2026-09-06,Sun,1:10 PM,CDT,MIN,Home,W,10 - 1,"Chicago, IL",Rate Field,Outdoor,Partly Cloudy,73,,12,L-R,,,,,,,,,,,,,,,,,,,,,,,,,,,,,,,,,,,,
144,20260908_PIT,2026-09-08,Tue,6:40 PM,CDT,PIT,Home,L,3 - 9,"Chicago, IL",Rate Field,Outdoor,Partly Cloudy,79,,9,R-L,,,,,,,,,,,,,,,,,,,,,,,,,,,,,,,,,,,,
145,20260909_PIT,2026-09-09,Wed,6:40 PM,CDT,PIT,Home,L,2 - 4,"Chicago, IL",Rate Field,Outdoor,Partly Cloudy,76,,7,R-L,,,,,,,,,,,,,,,,,,,,,,,,,,,,,,,,,,,,
146,20260910_PIT,2026-09-10,Thu,6:40 PM,CDT,PIT,Home,L,0 - 2,"Chicago, IL",Rate Field,Outdoor,Partly Cloudy,70,,6,L-R,,,,,,,,,,,,,,,,,,,,,,,,,,,,,,,,,,,,
147,20260911_STL,2026-09-11,Fri,7:15 PM,CDT,STL,Away,L,3 - 7,"St. Louis, MO",Busch Stadium,Outdoor,Partly Cloudy,75,,4,R-L,,,,,,,,,,,,,,,,,,,,,,,,,,,,,,,,,,,,
148,20260912_STL,2026-09-12,Sat,6:15 PM,CDT,STL,Away,W,6 - 5,"St. Louis, MO",Busch Stadium,Outdoor,Clear,83,,5,L-R,,,,,,,,,,,,,,,,,,,,,,,,,,,,,,,,,,,,
149,20260913_STL,2026-09-13,Sun,1:15 PM,CDT,STL,Away,L,1 - 3,"St. Louis, MO",Busch Stadium,Outdoor,Partly Cloudy,86,,10,L-R,,,,,,,,,,,,,,,,,,,,,,,,,,,,,,,,,,,,
150,20260914_CLE,2026-09-14,Mon,5:40 PM,EDT,CLE,Away,W,7 - 3,"Cleveland, OH",Progressive Field,Outdoor,Partly Cloudy,64,,5,R-L,,,,,,,,,,,,,,,,,,,,,,,,,,,,,,,,,,,,
151,20260915_CLE,2026-09-15,Tue,5:40 PM,EDT,CLE,Away,L,6 - 7,"Cleveland, OH",Progressive Field,Outdoor,Clear,79,,14,Out,,,,,,,,,,,,,,,,,,,,,,,,,,,,,,,,,,,,
152,20260916_CLE,2026-09-16,Wed,12:10 PM,EDT,CLE,Away,L,3 - 6,"Cleveland, OH",Progressive Field,Outdoor,Partly Cloudy,78,,8,In,,,,,,,,,,,,,,,,,,,,,,,,,,,,,,,,,,,,
153,20260917_DET,2026-09-17,Thu,6:40 PM,CDT,DET,Home,W,3 - 1,"Chicago, IL",Rate Field,Outdoor,Cloudy,69,,11,L-R,,,,,,,,,,,,,,,,,,,,,,,,,,,,,,,,,,,,
154,20260918_DET,2026-09-18,Fri,6:40 PM,CDT,DET,Home,L,8 - 11,"Chicago, IL",Rate Field,Outdoor,Partly Cloudy,69,,11,L-R,,,,,,,,,,,,,,,,,,,,,,,,,,,,,,,,,,,,
155,20260919_DET,2026-09-19,Sat,6:10 PM,CDT,DET,Home,W,3 - 1,"Chicago, IL",Rate Field,Outdoor,Rained Out,70,,2,R-L,,,,,,,,,,,,,,,,,,,,,,,,,,,,,,,,,,,,
156,20260920_DET,2026-09-20,Sun,1:10 PM,CDT,DET,Home,W,8 - 1,"Chicago, IL",Rate Field,Outdoor,Rained Out,60,,21,In,,,,,,,,,,,,,,,,,,,,,,,,,,,,,,,,,,,,
157,20260922_KC,2026-09-22,Tue,6:40 PM,CDT,KC,Away,W,14 -11,"Kansas City, MO",Kauffman Stadium,Outdoor,Partly Cloudy,67,,9,In,,,,,,,,,,,,,,,,,,,,,,,,,,,,,,,,,,,,
158,20260923_KC,2026-09-23,Wed,6:40 PM,CDT,KC,Away,L,4 - 5,"Kansas City, MO",Kauffman Stadium,Outdoor,Clear,67,,8,In,,,,,,,,,,,,,,,,,,,,,,,,,,,,,,,,,,,,
159,20260924_KC,2026-09-24,Thu,1:10 PM,CDT,KC,Away,W,9 - 1,"Kansas City, MO",Kauffman Stadium,Outdoor,Clear,75,,7,In,,,,,,,,,,,,,,,,,,,,,,,,,,,,,,,,,,,,
160,20260925_COL,2026-09-25,Fri,6:40 PM,CDT,COL,Home,W,6 - 1,"Chicago, IL",Rate Field,Outdoor,Partly Cloudy,60,,6,L-R,,,,,,,,,,,,,,,,,,,,,,,,,,,,,,,,,,,,
161,20260926_COL,2026-09-26,Sat,6:10 PM,CDT,COL,Home,L,6 - 9,"Chicago, IL",Rate Field,Outdoor,Partly Cloudy,60,,6,L-R,,,,,,,,,,,,,,,,,,,,,,,,,,,,,,,,,,,,
162,20260927_COL,2026-09-27,Sun,2:10 PM,CDT,COL,Home,W,4 - 2,"Chicago, IL",Rate Field,Outdoor,Partly Cloudy,69,,10,L-R,,,,,,,,,,,,,,,,,,,,,,,,,,,,,,,,,,,,
,,,,,,,,,,,,,,,,,,,,,,,,,,,,,,,,,,,,,,,,,,,,,,,,,,,,,
,,,,,,,,,,,,,,,,,,,,,,,,,,,,,,,,,,,,,,,,,,,,,,,,,,,,,
,,,,,,,,,,,,,,,,,,,,,,,,,,,,,,,,,,,,,,,,,,,,,,,,,,,,,
,,,,,,,,,,,,,,,,,,,,,,,,,,,,,,,,,,,,,,,,,,,,,,,,,,,,,
,,,,,,,,,,,,,,,,,,,,,,,,,,,,,,,,,,,,,,,,,,,,,,,,,,,,,
,,,,,,,,,,,,,,,,,,,,,,,,,,,,,,,,,,,,,,,,,,,,,,,,,,,,,
,,,,,,,,,,,,,,,,,,,,,,,,,,,,,,,,,,,,,,,,,,,,,,,,,,,,,
,,,,,,,,,,,,,,,,,,,,,,,,,,,,,,,,,,,,,,,,,,,,,,,,,,,,,
,,,,,,,,,,,,,,,,,,,,,,,,,,,,,,,,,,,,,,,,,,,,,,,,,,,,,
,,,,,,,,,,,,,,,,,,,,,,,,,,,,,,,,,,,,,,,,,,,,,,,,,,,,,
,,,,,,,,,,,,,,,,,,,,,,,,,,,,,,,,,,,,,,,,,,,,,,,,,,,,,
,,,,,,,,,,,,,,,,,,,,,,,,,,,,,,,,,,,,,,,,,,,,,,,,,,,,,
,,,,,,,,,,,,,,,,,,,,,,,,,,,,,,,,,,,,,,,,,,,,,,,,,,,,,
,,,,,,,,,,,,,,,,,,,,,,,,,,,,,,,,,,,,,,,,,,,,,,,,,,,,,
,,,,,,,,,,,,,,,,,,,,,,,,,,,,,,,,,,,,,,,,,,,,,,,,,,,,,
,,,,,,,,,,,,,,,,,,,,,,,,,,,,,,,,,,,,,,,,,,,,,,,,,,,,,
,,,,,,,,,,,,,,,,,,,,,,,,,,,,,,,,,,,,,,,,,,,,,,,,,,,,,
,,,,,,,,,,,,,,,,,,,,,,,,,,,,,,,,,,,,,,,,,,,,,,,,,,,,,
,,,,,,,,,,,,,,,,,,,,,,,,,,,,,,,,,,,,,,,,,,,,,,,,,,,,,
,,,,,,,,,,,,,,,,,,,,,,,,,,,,,,,,,,,,,,,,,,,,,,,,,,,,,
,,,,,,,,,,,,,,,,,,,,,,,,,,,,,,,,,,,,,,,,,,,,,,,,,,,,,
,,,,,,,,,,,,,,,,,,,,,,,,,,,,,,,,,,,,,,,,,,,,,,,,,,,,,
,,,,,,,,,,,,,,,,,,,,,,,,,,,,,,,,,,,,,,,,,,,,,,,,,,,,,
,,,,,,,,,,,,,,,,,,,,,,,,,,,,,,,,,,,,,,,,,,,,,,,,,,,,,
,,,,,,,,,,,,,,,,,,,,,,,,,,,,,,,,,,,,,,,,,,,,,,,,,,,,,
,,,,,,,,,,,,,,,,,,,,,,,,,,,,,,,,,,,,,,,,,,,,,,,,,,,,,
,,,,,,,,,,,,,,,,,,,,,,,,,,,,,,,,,,,,,,,,,,,,,,,,,,,,,
,,,,,,,,,,,,,,,,,,,,,,,,,,,,,,,,,,,,,,,,,,,,,,,,,,,,,
,,,,,,,,,,,,,,,,,,,,,,,,,,,,,,,,,,,,,,,,,,,,,,,,,,,,,
,,,,,,,,,,,,,,,,,,,,,,,,,,,,,,,,,,,,,,,,,,,,,,,,,,,,,
,,,,,,,,,,,,,,,,,,,,,,,,,,,,,,,,,,,,,,,,,,,,,,,,,,,,,
,,,,,,,,,,,,,,,,,,,,,,,,,,,,,,,,,,,,,,,,,,,,,,,,,,,,,
,,,,,,,,,,,,,,,,,,,,,,,,,,,,,,,,,,,,,,,,,,,,,,,,,,,,,
,,,,,,,,,,,,,,,,,,,,,,,,,,,,,,,,,,,,,,,,,,,,,,,,,,,,,
,,,,,,,,,,,,,,,,,,,,,,,,,,,,,,,,,,,,,,,,,,,,,,,,,,,,,
,,,,,,,,,,,,,,,,,,,,,,,,,,,,,,,,,,,,,,,,,,,,,,,,,,,,,
,,,,,,,,,,,,,,,,,,,,,,,,,,,,,,,,,,,,,,,,,,,,,,,,,,,,,
,,,,,,,,,,,,,,,,,,,,,,,,,,,,,,,,,,,,,,,,,,,,,,,,,,,,,
,,,,,,,,,,,,,,,,,,,,,,,,,,,,,,,,,,,,,,,,,,,,,,,,,,,,,
,,,,,,,,,,,,,,,,,,,,,,,,,,,,,,,,,,,,,,,,,,,,,,,,,,,,,
,,,,,,,,,,,,,,,,,,,,,,,,,,,,,,,,,,,,,,,,,,,,,,,,,,,,,
,,,,,,,,,,,,,,,,,,,,,,,,,,,,,,,,,,,,,,,,,,,,,,,,,,,,,
,,,,,,,,,,,,,,,,,,,,,,,,,,,,,,,,,,,,,,,,,,,,,,,,,,,,,
,,,,,,,,,,,,,,,,,,,,,,,,,,,,,,,,,,,,,,,,,,,,,,,,,,,,,
,,,,,,,,,,,,,,,,,,,,,,,,,,,,,,,,,,,,,,,,,,,,,,,,,,,,,
,,,,,,,,,,,,,,,,,,,,,,,,,,,,,,,,,,,,,,,,,,,,,,,,,,,,,
,,,,,,,,,,,,,,,,,,,,,,,,,,,,,,,,,,,,,,,,,,,,,,,,,,,,,
,,,,,,,,,,,,,,,,,,,,,,,,,,,,,,,,,,,,,,,,,,,,,,,,,,,,,
,,,,,,,,,,,,,,,,,,,,,,,,,,,,,,,,,,,,,,,,,,,,,,,,,,,,,
,,,,,,,,,,,,,,,,,,,,,,,,,,,,,,,,,,,,,,,,,,,,,,,,,,,,,
,,,,,,,,,,,,,,,,,,,,,,,,,,,,,,,,,,,,,,,,,,,,,,,,,,,,,
,,,,,,,,,,,,,,,,,,,,,,,,,,,,,,,,,,,,,,,,,,,,,,,,,,,,,
,,,,,,,,,,,,,,,,,,,,,,,,,,,,,,,,,,,,,,,,,,,,,,,,,,,,,
,,,,,,,,,,,,,,,,,,,,,,,,,,,,,,,,,,,,,,,,,,,,,,,,,,,,,
,,,,,,,,,,,,,,,,,,,,,,,,,,,,,,,,,,,,,,,,,,,,,,,,,,,,,
,,,,,,,,,,,,,,,,,,,,,,,,,,,,,,,,,,,,,,,,,,,,,,,,,,,,,
,,,,,,,,,,,,,,,,,,,,,,,,,,,,,,,,,,,,,,,,,,,,,,,,,,,,,
,,,,,,,,,,,,,,,,,,,,,,,,,,,,,,,,,,,,,,,,,,,,,,,,,,,,,
,,,,,,,,,,,,,,,,,,,,,,,,,,,,,,,,,,,,,,,,,,,,,,,,,,,,,
,,,,,,,,,,,,,,,,,,,,,,,,,,,,,,,,,,,,,,,,,,,,,,,,,,,,,
,,,,,,,,,,,,,,,,,,,,,,,,,,,,,,,,,,,,,,,,,,,,,,,,,,,,,
,,,,,,,,,,,,,,,,,,,,,,,,,,,,,,,,,,,,,,,,,,,,,,,,,,,,,
,,,,,,,,,,,,,,,,,,,,,,,,,,,,,,,,,,,,,,,,,,,,,,,,,,,,,
,,,,,,,,,,,,,,,,,,,,,,,,,,,,,,,,,,,,,,,,,,,,,,,,,,,,,
,,,,,,,,,,,,,,,,,,,,,,,,,,,,,,,,,,,,,,,,,,,,,,,,,,,,,
,,,,,,,,,,,,,,,,,,,,,,,,,,,,,,,,,,,,,,,,,,,,,,,,,,,,,
,,,,,,,,,,,,,,,,,,,,,,,,,,,,,,,,,,,,,,,,,,,,,,,,,,,,,
,,,,,,,,,,,,,,,,,,,,,,,,,,,,,,,,,,,,,,,,,,,,,,,,,,,,,
,,,,,,,,,,,,,,,,,,,,,,,,,,,,,,,,,,,,,,,,,,,,,,,,,,,,,
,,,,,,,,,,,,,,,,,,,,,,,,,,,,,,,,,,,,,,,,,,,,,,,,,,,,,
,,,,,,,,,,,,,,,,,,,,,,,,,,,,,,,,,,,,,,,,,,,,,,,,,,,,,
,,,,,,,,,,,,,,,,,,,,,,,,,,,,,,,,,,,,,,,,,,,,,,,,,,,,,
,,,,,,,,,,,,,,,,,,,,,,,,,,,,,,,,,,,,,,,,,,,,,,,,,,,,,
,,,,,,,,,,,,,,,,,,,,,,,,,,,,,,,,,,,,,,,,,,,,,,,,,,,,,
,,,,,,,,,,,,,,,,,,,,,,,,,,,,,,,,,,,,,,,,,,,,,,,,,,,,,
,,,,,,,,,,,,,,,,,,,,,,,,,,,,,,,,,,,,,,,,,,,,,,,,,,,,,
,,,,,,,,,,,,,,,,,,,,,,,,,,,,,,,,,,,,,,,,,,,,,,,,,,,,,
,,,,,,,,,,,,,,,,,,,,,,,,,,,,,,,,,,,,,,,,,,,,,,,,,,,,,
,,,,,,,,,,,,,,,,,,,,,,,,,,,,,,,,,,,,,,,,,,,,,,,,,,,,,
,,,,,,,,,,,,,,,,,,,,,,,,,,,,,,,,,,,,,,,,,,,,,,,,,,,,,
,,,,,,,,,,,,,,,,,,,,,,,,,,,,,,,,,,,,,,,,,,,,,,,,,,,,,
,,,,,,,,,,,,,,,,,,,,,,,,,,,,,,,,,,,,,,,,,,,,,,,,,,,,,
,,,,,,,,,,,,,,,,,,,,,,,,,,,,,,,,,,,,,,,,,,,,,,,,,,,,,
,,,,,,,,,,,,,,,,,,,,,,,,,,,,,,,,,,,,,,,,,,,,,,,,,,,,,
,,,,,,,,,,,,,,,,,,,,,,,,,,,,,,,,,,,,,,,,,,,,,,,,,,,,,
,,,,,,,,,,,,,,,,,,,,,,,,,,,,,,,,,,,,,,,,,,,,,,,,,,,,,
,,,,,,,,,,,,,,,,,,,,,,,,,,,,,,,,,,,,,,,,,,,,,,,,,,,,,
,,,,,,,,,,,,,,,,,,,,,,,,,,,,,,,,,,,,,,,,,,,,,,,,,,,,,
,,,,,,,,,,,,,,,,,,,,,,,,,,,,,,,,,,,,,,,,,,,,,,,,,,,,,
,,,,,,,,,,,,,,,,,,,,,,,,,,,,,,,,,,,,,,,,,,,,,,,,,,,,,
,,,,,,,,,,,,,,,,,,,,,,,,,,,,,,,,,,,,,,,,,,,,,,,,,,,,,
,,,,,,,,,,,,,,,,,,,,,,,,,,,,,,,,,,,,,,,,,,,,,,,,,,,,,
,,,,,,,,,,,,,,,,,,,,,,,,,,,,,,,,,,,,,,,,,,,,,,,,,,,,,
,,,,,,,,,,,,,,,,,,,,,,,,,,,,,,,,,,,,,,,,,,,,,,,,,,,,,
,,,,,,,,,,,,,,,,,,,,,,,,,,,,,,,,,,,,,,,,,,,,,,,,,,,,,
,,,,,,,,,,,,,,,,,,,,,,,,,,,,,,,,,,,,,,,,,,,,,,,,,,,,,
,,,,,,,,,,,,,,,,,,,,,,,,,,,,,,,,,,,,,,,,,,,,,,,,,,,,,
,,,,,,,,,,,,,,,,,,,,,,,,,,,,,,,,,,,,,,,,,,,,,,,,,,,,,
,,,,,,,,,,,,,,,,,,,,,,,,,,,,,,,,,,,,,,,,,,,,,,,,,,,,,
,,,,,,,,,,,,,,,,,,,,,,,,,,,,,,,,,,,,,,,,,,,,,,,,,,,,,
,,,,,,,,,,,,,,,,,,,,,,,,,,,,,,,,,,,,,,,,,,,,,,,,,,,,,
,,,,,,,,,,,,,,,,,,,,,,,,,,,,,,,,,,,,,,,,,,,,,,,,,,,,,
,,,,,,,,,,,,,,,,,,,,,,,,,,,,,,,,,,,,,,,,,,,,,,,,,,,,,
,,,,,,,,,,,,,,,,,,,,,,,,,,,,,,,,,,,,,,,,,,,,,,,,,,,,,
,,,,,,,,,,,,,,,,,,,,,,,,,,,,,,,,,,,,,,,,,,,,,,,,,,,,,
,,,,,,,,,,,,,,,,,,,,,,,,,,,,,,,,,,,,,,,,,,,,,,,,,,,,,
,,,,,,,,,,,,,,,,,,,,,,,,,,,,,,,,,,,,,,,,,,,,,,,,,,,,,
,,,,,,,,,,,,,,,,,,,,,,,,,,,,,,,,,,,,,,,,,,,,,,,,,,,,,
,,,,,,,,,,,,,,,,,,,,,,,,,,,,,,,,,,,,,,,,,,,,,,,,,,,,,
,,,,,,,,,,,,,,,,,,,,,,,,,,,,,,,,,,,,,,,,,,,,,,,,,,,,,
,,,,,,,,,,,,,,,,,,,,,,,,,,,,,,,,,,,,,,,,,,,,,,,,,,,,,
,,,,,,,,,,,,,,,,,,,,,,,,,,,,,,,,,,,,,,,,,,,,,,,,,,,,,
,,,,,,,,,,,,,,,,,,,,,,,,,,,,,,,,,,,,,,,,,,,,,,,,,,,,,
,,,,,,,,,,,,,,,,,,,,,,,,,,,,,,,,,,,,,,,,,,,,,,,,,,,,,
,,,,,,,,,,,,,,,,,,,,,,,,,,,,,,,,,,,,,,,,,,,,,,,,,,,,,
,,,,,,,,,,,,,,,,,,,,,,,,,,,,,,,,,,,,,,,,,,,,,,,,,,,,,
,,,,,,,,,,,,,,,,,,,,,,,,,,,,,,,,,,,,,,,,,,,,,,,,,,,,,
,,,,,,,,,,,,,,,,,,,,,,,,,,,,,,,,,,,,,,,,,,,,,,,,,,,,,
,,,,,,,,,,,,,,,,,,,,,,,,,,,,,,,,,,,,,,,,,,,,,,,,,,,,,
,,,,,,,,,,,,,,,,,,,,,,,,,,,,,,,,,,,,,,,,,,,,,,,,,,,,,
,,,,,,,,,,,,,,,,,,,,,,,,,,,,,,,,,,,,,,,,,,,,,,,,,,,,,
,,,,,,,,,,,,,,,,,,,,,,,,,,,,,,,,,,,,,,,,,,,,,,,,,,,,,
,,,,,,,,,,,,,,,,,,,,,,,,,,,,,,,,,,,,,,,,,,,,,,,,,,,,,
,,,,,,,,,,,,,,,,,,,,,,,,,,,,,,,,,,,,,,,,,,,,,,,,,,,,,
,,,,,,,,,,,,,,,,,,,,,,,,,,,,,,,,,,,,,,,,,,,,,,,,,,,,,
,,,,,,,,,,,,,,,,,,,,,,,,,,,,,,,,,,,,,,,,,,,,,,,,,,,,,
,,,,,,,,,,,,,,,,,,,,,,,,,,,,,,,,,,,,,,,,,,,,,,,,,,,,,
,,,,,,,,,,,,,,,,,,,,,,,,,,,,,,,,,,,,,,,,,,,,,,,,,,,,,
,,,,,,,,,,,,,,,,,,,,,,,,,,,,,,,,,,,,,,,,,,,,,,,,,,,,,
,,,,,,,,,,,,,,,,,,,,,,,,,,,,,,,,,,,,,,,,,,,,,,,,,,,,,
,,,,,,,,,,,,,,,,,,,,,,,,,,,,,,,,,,,,,,,,,,,,,,,,,,,,,
,,,,,,,,,,,,,,,,,,,,,,,,,,,,,,,,,,,,,,,,,,,,,,,,,,,,,
,,,,,,,,,,,,,,,,,,,,,,,,,,,,,,,,,,,,,,,,,,,,,,,,,,,,,
,,,,,,,,,,,,,,,,,,,,,,,,,,,,,,,,,,,,,,,,,,,,,,,,,,,,,
,,,,,,,,,,,,,,,,,,,,,,,,,,,,,,,,,,,,,,,,,,,,,,,,,,,,,
,,,,,,,,,,,,,,,,,,,,,,,,,,,,,,,,,,,,,,,,,,,,,,,,,,,,,
,,,,,,,,,,,,,,,,,,,,,,,,,,,,,,,,,,,,,,,,,,,,,,,,,,,,,
,,,,,,,,,,,,,,,,,,,,,,,,,,,,,,,,,,,,,,,,,,,,,,,,,,,,,
,,,,,,,,,,,,,,,,,,,,,,,,,,,,,,,,,,,,,,,,,,,,,,,,,,,,,
,,,,,,,,,,,,,,,,,,,,,,,,,,,,,,,,,,,,,,,,,,,,,,,,,,,,,
,,,,,,,,,,,,,,,,,,,,,,,,,,,,,,,,,,,,,,,,,,,,,,,,,,,,,
,,,,,,,,,,,,,,,,,,,,,,,,,,,,,,,,,,,,,,,,,,,,,,,,,,,,,
,,,,,,,,,,,,,,,,,,,,,,,,,,,,,,,,,,,,,,,,,,,,,,,,,,,,,
,,,,,,,,,,,,,,,,,,,,,,,,,,,,,,,,,,,,,,,,,,,,,,,,,,,,,
,,,,,,,,,,,,,,,,,,,,,,,,,,,,,,,,,,,,,,,,,,,,,,,,,,,,,
,,,,,,,,,,,,,,,,,,,,,,,,,,,,,,,,,,,,,,,,,,,,,,,,,,,,,
,,,,,,,,,,,,,,,,,,,,,,,,,,,,,,,,,,,,,,,,,,,,,,,,,,,,,
,,,,,,,,,,,,,,,,,,,,,,,,,,,,,,,,,,,,,,,,,,,,,,,,,,,,,
,,,,,,,,,,,,,,,,,,,,,,,,,,,,,,,,,,,,,,,,,,,,,,,,,,,,,
,,,,,,,,,,,,,,,,,,,,,,,,,,,,,,,,,,,,,,,,,,,,,,,,,,,,,
,,,,,,,,,,,,,,,,,,,,,,,,,,,,,,,,,,,,,,,,,,,,,,,,,,,,,
,,,,,,,,,,,,,,,,,,,,,,,,,,,,,,,,,,,,,,,,,,,,,,,,,,,,,
,,,,,,,,,,,,,,,,,,,,,,,,,,,,,,,,,,,,,,,,,,,,,,,,,,,,,
,,,,,,,,,,,,,,,,,,,,,,,,,,,,,,,,,,,,,,,,,,,,,,,,,,,,,
,,,,,,,,,,,,,,,,,,,,,,,,,,,,,,,,,,,,,,,,,,,,,,,,,,,,,
,,,,,,,,,,,,,,,,,,,,,,,,,,,,,,,,,,,,,,,,,,,,,,,,,,,,,
,,,,,,,,,,,,,,,,,,,,,,,,,,,,,,,,,,,,,,,,,,,,,,,,,,,,,
,,,,,,,,,,,,,,,,,,,,,,,,,,,,,,,,,,,,,,,,,,,,,,,,,,,,,
,,,,,,,,,,,,,,,,,,,,,,,,,,,,,,,,,,,,,,,,,,,,,,,,,,,,,
,,,,,,,,,,,,,,,,,,,,,,,,,,,,,,,,,,,,,,,,,,,,,,,,,,,,,
,,,,,,,,,,,,,,,,,,,,,,,,,,,,,,,,,,,,,,,,,,,,,,,,,,,,,
,,,,,,,,,,,,,,,,,,,,,,,,,,,,,,,,,,,,,,,,,,,,,,,,,,,,,
,,,,,,,,,,,,,,,,,,,,,,,,,,,,,,,,,,,,,,,,,,,,,,,,,,,,,
,,,,,,,,,,,,,,,,,,,,,,,,,,,,,,,,,,,,,,,,,,,,,,,,,,,,,
,,,,,,,,,,,,,,,,,,,,,,,,,,,,,,,,,,,,,,,,,,,,,,,,,,,,,
,,,,,,,,,,,,,,,,,,,,,,,,,,,,,,,,,,,,,,,,,,,,,,,,,,,,,
,,,,,,,,,,,,,,,,,,,,,,,,,,,,,,,,,,,,,,,,,,,,,,,,,,,,,
,,,,,,,,,,,,,,,,,,,,,,,,,,,,,,,,,,,,,,,,,,,,,,,,,,,,,
,,,,,,,,,,,,,,,,,,,,,,,,,,,,,,,,,,,,,,,,,,,,,,,,,,,,,
,,,,,,,,,,,,,,,,,,,,,,,,,,,,,,,,,,,,,,,,,,,,,,,,,,,,,
,,,,,,,,,,,,,,,,,,,,,,,,,,,,,,,,,,,,,,,,,,,,,,,,,,,,,
,,,,,,,,,,,,,,,,,,,,,,,,,,,,,,,,,,,,,,,,,,,,,,,,,,,,,
,,,,,,,,,,,,,,,,,,,,,,,,,,,,,,,,,,,,,,,,,,,,,,,,,,,,,
,,,,,,,,,,,,,,,,,,,,,,,,,,,,,,,,,,,,,,,,,,,,,,,,,,,,,
,,,,,,,,,,,,,,,,,,,,,,,,,,,,,,,,,,,,,,,,,,,,,,,,,,,,,
,,,,,,,,,,,,,,,,,,,,,,,,,,,,,,,,,,,,,,,,,,,,,,,,,,,,,
,,,,,,,,,,,,,,,,,,,,,,,,,,,,,,,,,,,,,,,,,,,,,,,,,,,,,
,,,,,,,,,,,,,,,,,,,,,,,,,,,,,,,,,,,,,,,,,,,,,,,,,,,,,
,,,,,,,,,,,,,,,,,,,,,,,,,,,,,,,,,,,,,,,,,,,,,,,,,,,,,
,,,,,,,,,,,,,,,,,,,,,,,,,,,,,,,,,,,,,,,,,,,,,,,,,,,,,
,,,,,,,,,,,,,,,,,,,,,,,,,,,,,,,,,,,,,,,,,,,,,,,,,,,,,
,,,,,,,,,,,,,,,,,,,,,,,,,,,,,,,,,,,,,,,,,,,,,,,,,,,,,
,,,,,,,,,,,,,,,,,,,,,,,,,,,,,,,,,,,,,,,,,,,,,,,,,,,,,
,,,,,,,,,,,,,,,,,,,,,,,,,,,,,,,,,,,,,,,,,,,,,,,,,,,,,
,,,,,,,,,,,,,,,,,,,,,,,,,,,,,,,,,,,,,,,,,,,,,,,,,,,,,
,,,,,,,,,,,,,,,,,,,,,,,,,,,,,,,,,,,,,,,,,,,,,,,,,,,,,
,,,,,,,,,,,,,,,,,,,,,,,,,,,,,,,,,,,,,,,,,,,,,,,,,,,,,
,,,,,,,,,,,,,,,,,,,,,,,,,,,,,,,,,,,,,,,,,,,,,,,,,,,,,
,,,,,,,,,,,,,,,,,,,,,,,,,,,,,,,,,,,,,,,,,,,,,,,,,,,,,
,,,,,,,,,,,,,,,,,,,,,,,,,,,,,,,,,,,,,,,,,,,,,,,,,,,,,
,,,,,,,,,,,,,,,,,,,,,,,,,,,,,,,,,,,,,,,,,,,,,,,,,,,,,
,,,,,,,,,,,,,,,,,,,,,,,,,,,,,,,,,,,,,,,,,,,,,,,,,,,,,
,,,,,,,,,,,,,,,,,,,,,,,,,,,,,,,,,,,,,,,,,,,,,,,,,,,,,
,,,,,,,,,,,,,,,,,,,,,,,,,,,,,,,,,,,,,,,,,,,,,,,,,,,,,
,,,,,,,,,,,,,,,,,,,,,,,,,,,,,,,,,,,,,,,,,,,,,,,,,,,,,
,,,,,,,,,,,,,,,,,,,,,,,,,,,,,,,,,,,,,,,,,,,,,,,,,,,,,
,,,,,,,,,,,,,,,,,,,,,,,,,,,,,,,,,,,,,,,,,,,,,,,,,,,,,
,,,,,,,,,,,,,,,,,,,,,,,,,,,,,,,,,,,,,,,,,,,,,,,,,,,,,
,,,,,,,,,,,,,,,,,,,,,,,,,,,,,,,,,,,,,,,,,,,,,,,,,,,,,
,,,,,,,,,,,,,,,,,,,,,,,,,,,,,,,,,,,,,,,,,,,,,,,,,,,,,
,,,,,,,,,,,,,,,,,,,,,,,,,,,,,,,,,,,,,,,,,,,,,,,,,,,,,
,,,,,,,,,,,,,,,,,,,,,,,,,,,,,,,,,,,,,,,,,,,,,,,,,,,,,
,,,,,,,,,,,,,,,,,,,,,,,,,,,,,,,,,,,,,,,,,,,,,,,,,,,,,
,,,,,,,,,,,,,,,,,,,,,,,,,,,,,,,,,,,,,,,,,,,,,,,,,,,,,
,,,,,,,,,,,,,,,,,,,,,,,,,,,,,,,,,,,,,,,,,,,,,,,,,,,,,
,,,,,,,,,,,,,,,,,,,,,,,,,,,,,,,,,,,,,,,,,,,,,,,,,,,,,
,,,,,,,,,,,,,,,,,,,,,,,,,,,,,,,,,,,,,,,,,,,,,,,,,,,,,
,,,,,,,,,,,,,,,,,,,,,,,,,,,,,,,,,,,,,,,,,,,,,,,,,,,,,
,,,,,,,,,,,,,,,,,,,,,,,,,,,,,,,,,,,,,,,,,,,,,,,,,,,,,
,,,,,,,,,,,,,,,,,,,,,,,,,,,,,,,,,,,,,,,,,,,,,,,,,,,,,
,,,,,,,,,,,,,,,,,,,,,,,,,,,,,,,,,,,,,,,,,,,,,,,,,,,,,
,,,,,,,,,,,,,,,,,,,,,,,,,,,,,,,,,,,,,,,,,,,,,,,,,,,,,
,,,,,,,,,,,,,,,,,,,,,,,,,,,,,,,,,,,,,,,,,,,,,,,,,,,,,
,,,,,,,,,,,,,,,,,,,,,,,,,,,,,,,,,,,,,,,,,,,,,,,,,,,,,
,,,,,,,,,,,,,,,,,,,,,,,,,,,,,,,,,,,,,,,,,,,,,,,,,,,,,
,,,,,,,,,,,,,,,,,,,,,,,,,,,,,,,,,,,,,,,,,,,,,,,,,,,,,
,,,,,,,,,,,,,,,,,,,,,,,,,,,,,,,,,,,,,,,,,,,,,,,,,,,,,
,,,,,,,,,,,,,,,,,,,,,,,,,,,,,,,,,,,,,,,,,,,,,,,,,,,,,
,,,,,,,,,,,,,,,,,,,,,,,,,,,,,,,,,,,,,,,,,,,,,,,,,,,,,
,,,,,,,,,,,,,,,,,,,,,,,,,,,,,,,,,,,,,,,,,,,,,,,,,,,,,
,,,,,,,,,,,,,,,,,,,,,,,,,,,,,,,,,,,,,,,,,,,,,,,,,,,,,
,,,,,,,,,,,,,,,,,,,,,,,,,,,,,,,,,,,,,,,,,,,,,,,,,,,,,
,,,,,,,,,,,,,,,,,,,,,,,,,,,,,,,,,,,,,,,,,,,,,,,,,,,,,
,,,,,,,,,,,,,,,,,,,,,,,,,,,,,,,,,,,,,,,,,,,,,,,,,,,,,
,,,,,,,,,,,,,,,,,,,,,,,,,,,,,,,,,,,,,,,,,,,,,,,,,,,,,
,,,,,,,,,,,,,,,,,,,,,,,,,,,,,,,,,,,,,,,,,,,,,,,,,,,,,
,,,,,,,,,,,,,,,,,,,,,,,,,,,,,,,,,,,,,,,,,,,,,,,,,,,,,
,,,,,,,,,,,,,,,,,,,,,,,,,,,,,,,,,,,,,,,,,,,,,,,,,,,,,
,,,,,,,,,,,,,,,,,,,,,,,,,,,,,,,,,,,,,,,,,,,,,,,,,,,,,
,,,,,,,,,,,,,,,,,,,,,,,,,,,,,,,,,,,,,,,,,,,,,,,,,,,,,
,,,,,,,,,,,,,,,,,,,,,,,,,,,,,,,,,,,,,,,,,,,,,,,,,,,,,
,,,,,,,,,,,,,,,,,,,,,,,,,,,,,,,,,,,,,,,,,,,,,,,,,,,,,
,,,,,,,,,,,,,,,,,,,,,,,,,,,,,,,,,,,,,,,,,,,,,,,,,,,,,
,,,,,,,,,,,,,,,,,,,,,,,,,,,,,,,,,,,,,,,,,,,,,,,,,,,,,
,,,,,,,,,,,,,,,,,,,,,,,,,,,,,,,,,,,,,,,,,,,,,,,,,,,,,
,,,,,,,,,,,,,,,,,,,,,,,,,,,,,,,,,,,,,,,,,,,,,,,,,,,,,
,,,,,,,,,,,,,,,,,,,,,,,,,,,,,,,,,,,,,,,,,,,,,,,,,,,,,
,,,,,,,,,,,,,,,,,,,,,,,,,,,,,,,,,,,,,,,,,,,,,,,,,,,,,
,,,,,,,,,,,,,,,,,,,,,,,,,,,,,,,,,,,,,,,,,,,,,,,,,,,,,
,,,,,,,,,,,,,,,,,,,,,,,,,,,,,,,,,,,,,,,,,,,,,,,,,,,,,
,,,,,,,,,,,,,,,,,,,,,,,,,,,,,,,,,,,,,,,,,,,,,,,,,,,,,
,,,,,,,,,,,,,,,,,,,,,,,,,,,,,,,,,,,,,,,,,,,,,,,,,,,,,
,,,,,,,,,,,,,,,,,,,,,,,,,,,,,,,,,,,,,,,,,,,,,,,,,,,,,
,,,,,,,,,,,,,,,,,,,,,,,,,,,,,,,,,,,,,,,,,,,,,,,,,,,,,
,,,,,,,,,,,,,,,,,,,,,,,,,,,,,,,,,,,,,,,,,,,,,,,,,,,,,
,,,,,,,,,,,,,,,,,,,,,,,,,,,,,,,,,,,,,,,,,,,,,,,,,,,,,
,,,,,,,,,,,,,,,,,,,,,,,,,,,,,,,,,,,,,,,,,,,,,,,,,,,,,
,,,,,,,,,,,,,,,,,,,,,,,,,,,,,,,,,,,,,,,,,,,,,,,,,,,,,
,,,,,,,,,,,,,,,,,,,,,,,,,,,,,,,,,,,,,,,,,,,,,,,,,,,,,
,,,,,,,,,,,,,,,,,,,,,,,,,,,,,,,,,,,,,,,,,,,,,,,,,,,,,
,,,,,,,,,,,,,,,,,,,,,,,,,,,,,,,,,,,,,,,,,,,,,,,,,,,,,
,,,,,,,,,,,,,,,,,,,,,,,,,,,,,,,,,,,,,,,,,,,,,,,,,,,,,
,,,,,,,,,,,,,,,,,,,,,,,,,,,,,,,,,,,,,,,,,,,,,,,,,,,,,
,,,,,,,,,,,,,,,,,,,,,,,,,,,,,,,,,,,,,,,,,,,,,,,,,,,,,
,,,,,,,,,,,,,,,,,,,,,,,,,,,,,,,,,,,,,,,,,,,,,,,,,,,,,
,,,,,,,,,,,,,,,,,,,,,,,,,,,,,,,,,,,,,,,,,,,,,,,,,,,,,
,,,,,,,,,,,,,,,,,,,,,,,,,,,,,,,,,,,,,,,,,,,,,,,,,,,,,
,,,,,,,,,,,,,,,,,,,,,,,,,,,,,,,,,,,,,,,,,,,,,,,,,,,,,
,,,,,,,,,,,,,,,,,,,,,,,,,,,,,,,,,,,,,,,,,,,,,,,,,,,,,
,,,,,,,,,,,,,,,,,,,,,,,,,,,,,,,,,,,,,,,,,,,,,,,,,,,,,
,,,,,,,,,,,,,,,,,,,,,,,,,,,,,,,,,,,,,,,,,,,,,,,,,,,,,
,,,,,,,,,,,,,,,,,,,,,,,,,,,,,,,,,,,,,,,,,,,,,,,,,,,,,
,,,,,,,,,,,,,,,,,,,,,,,,,,,,,,,,,,,,,,,,,,,,,,,,,,,,,
,,,,,,,,,,,,,,,,,,,,,,,,,,,,,,,,,,,,,,,,,,,,,,,,,,,,,
,,,,,,,,,,,,,,,,,,,,,,,,,,,,,,,,,,,,,,,,,,,,,,,,,,,,,
,,,,,,,,,,,,,,,,,,,,,,,,,,,,,,,,,,,,,,,,,,,,,,,,,,,,,
,,,,,,,,,,,,,,,,,,,,,,,,,,,,,,,,,,,,,,,,,,,,,,,,,,,,,
,,,,,,,,,,,,,,,,,,,,,,,,,,,,,,,,,,,,,,,,,,,,,,,,,,,,,
,,,,,,,,,,,,,,,,,,,,,,,,,,,,,,,,,,,,,,,,,,,,,,,,,,,,,
,,,,,,,,,,,,,,,,,,,,,,,,,,,,,,,,,,,,,,,,,,,,,,,,,,,,,
,,,,,,,,,,,,,,,,,,,,,,,,,,,,,,,,,,,,,,,,,,,,,,,,,,,,,
,,,,,,,,,,,,,,,,,,,,,,,,,,,,,,,,,,,,,,,,,,,,,,,,,,,,,
,,,,,,,,,,,,,,,,,,,,,,,,,,,,,,,,,,,,,,,,,,,,,,,,,,,,,
,,,,,,,,,,,,,,,,,,,,,,,,,,,,,,,,,,,,,,,,,,,,,,,,,,,,,
,,,,,,,,,,,,,,,,,,,,,,,,,,,,,,,,,,,,,,,,,,,,,,,,,,,,,
,,,,,,,,,,,,,,,,,,,,,,,,,,,,,,,,,,,,,,,,,,,,,,,,,,,,,
,,,,,,,,,,,,,,,,,,,,,,,,,,,,,,,,,,,,,,,,,,,,,,,,,,,,,
,,,,,,,,,,,,,,,,,,,,,,,,,,,,,,,,,,,,,,,,,,,,,,,,,,,,,
,,,,,,,,,,,,,,,,,,,,,,,,,,,,,,,,,,,,,,,,,,,,,,,,,,,,,
,,,,,,,,,,,,,,,,,,,,,,,,,,,,,,,,,,,,,,,,,,,,,,,,,,,,,
,,,,,,,,,,,,,,,,,,,,,,,,,,,,,,,,,,,,,,,,,,,,,,,,,,,,,
,,,,,,,,,,,,,,,,,,,,,,,,,,,,,,,,,,,,,,,,,,,,,,,,,,,,,
,,,,,,,,,,,,,,,,,,,,,,,,,,,,,,,,,,,,,,,,,,,,,,,,,,,,,
,,,,,,,,,,,,,,,,,,,,,,,,,,,,,,,,,,,,,,,,,,,,,,,,,,,,,
,,,,,,,,,,,,,,,,,,,,,,,,,,,,,,,,,,,,,,,,,,,,,,,,,,,,,
,,,,,,,,,,,,,,,,,,,,,,,,,,,,,,,,,,,,,,,,,,,,,,,,,,,,,
,,,,,,,,,,,,,,,,,,,,,,,,,,,,,,,,,,,,,,,,,,,,,,,,,,,,,
,,,,,,,,,,,,,,,,,,,,,,,,,,,,,,,,,,,,,,,,,,,,,,,,,,,,,
,,,,,,,,,,,,,,,,,,,,,,,,,,,,,,,,,,,,,,,,,,,,,,,,,,,,,
,,,,,,,,,,,,,,,,,,,,,,,,,,,,,,,,,,,,,,,,,,,,,,,,,,,,,
,,,,,,,,,,,,,,,,,,,,,,,,,,,,,,,,,,,,,,,,,,,,,,,,,,,,,
,,,,,,,,,,,,,,,,,,,,,,,,,,,,,,,,,,,,,,,,,,,,,,,,,,,,,
,,,,,,,,,,,,,,,,,,,,,,,,,,,,,,,,,,,,,,,,,,,,,,,,,,,,,
,,,,,,,,,,,,,,,,,,,,,,,,,,,,,,,,,,,,,,,,,,,,,,,,,,,,,
,,,,,,,,,,,,,,,,,,,,,,,,,,,,,,,,,,,,,,,,,,,,,,,,,,,,,
,,,,,,,,,,,,,,,,,,,,,,,,,,,,,,,,,,,,,,,,,,,,,,,,,,,,,
,,,,,,,,,,,,,,,,,,,,,,,,,,,,,,,,,,,,,,,,,,,,,,,,,,,,,
,,,,,,,,,,,,,,,,,,,,,,,,,,,,,,,,,,,,,,,,,,,,,,,,,,,,,
,,,,,,,,,,,,,,,,,,,,,,,,,,,,,,,,,,,,,,,,,,,,,,,,,,,,,
,,,,,,,,,,,,,,,,,,,,,,,,,,,,,,,,,,,,,,,,,,,,,,,,,,,,,
,,,,,,,,,,,,,,,,,,,,,,,,,,,,,,,,,,,,,,,,,,,,,,,,,,,,,
,,,,,,,,,,,,,,,,,,,,,,,,,,,,,,,,,,,,,,,,,,,,,,,,,,,,,
,,,,,,,,,,,,,,,,,,,,,,,,,,,,,,,,,,,,,,,,,,,,,,,,,,,,,
,,,,,,,,,,,,,,,,,,,,,,,,,,,,,,,,,,,,,,,,,,,,,,,,,,,,,
,,,,,,,,,,,,,,,,,,,,,,,,,,,,,,,,,,,,,,,,,,,,,,,,,,,,,
,,,,,,,,,,,,,,,,,,,,,,,,,,,,,,,,,,,,,,,,,,,,,,,,,,,,,
,,,,,,,,,,,,,,,,,,,,,,,,,,,,,,,,,,,,,,,,,,,,,,,,,,,,,
,,,,,,,,,,,,,,,,,,,,,,,,,,,,,,,,,,,,,,,,,,,,,,,,,,,,,
,,,,,,,,,,,,,,,,,,,,,,,,,,,,,,,,,,,,,,,,,,,,,,,,,,,,,
,,,,,,,,,,,,,,,,,,,,,,,,,,,,,,,,,,,,,,,,,,,,,,,,,,,,,
,,,,,,,,,,,,,,,,,,,,,,,,,,,,,,,,,,,,,,,,,,,,,,,,,,,,,
,,,,,,,,,,,,,,,,,,,,,,,,,,,,,,,,,,,,,,,,,,,,,,,,,,,,,
,,,,,,,,,,,,,,,,,,,,,,,,,,,,,,,,,,,,,,,,,,,,,,,,,,,,,
,,,,,,,,,,,,,,,,,,,,,,,,,,,,,,,,,,,,,,,,,,,,,,,,,,,,,
,,,,,,,,,,,,,,,,,,,,,,,,,,,,,,,,,,,,,,,,,,,,,,,,,,,,,
,,,,,,,,,,,,,,,,,,,,,,,,,,,,,,,,,,,,,,,,,,,,,,,,,,,,,
,,,,,,,,,,,,,,,,,,,,,,,,,,,,,,,,,,,,,,,,,,,,,,,,,,,,,
,,,,,,,,,,,,,,,,,,,,,,,,,,,,,,,,,,,,,,,,,,,,,,,,,,,,,
,,,,,,,,,,,,,,,,,,,,,,,,,,,,,,,,,,,,,,,,,,,,,,,,,,,,,
,,,,,,,,,,,,,,,,,,,,,,,,,,,,,,,,,,,,,,,,,,,,,,,,,,,,,
,,,,,,,,,,,,,,,,,,,,,,,,,,,,,,,,,,,,,,,,,,,,,,,,,,,,,
,,,,,,,,,,,,,,,,,,,,,,,,,,,,,,,,,,,,,,,,,,,,,,,,,,,,,
,,,,,,,,,,,,,,,,,,,,,,,,,,,,,,,,,,,,,,,,,,,,,,,,,,,,,
,,,,,,,,,,,,,,,,,,,,,,,,,,,,,,,,,,,,,,,,,,,,,,,,,,,,,
,,,,,,,,,,,,,,,,,,,,,,,,,,,,,,,,,,,,,,,,,,,,,,,,,,,,,
,,,,,,,,,,,,,,,,,,,,,,,,,,,,,,,,,,,,,,,,,,,,,,,,,,,,,
,,,,,,,,,,,,,,,,,,,,,,,,,,,,,,,,,,,,,,,,,,,,,,,,,,,,,
,,,,,,,,,,,,,,,,,,,,,,,,,,,,,,,,,,,,,,,,,,,,,,,,,,,,,
,,,,,,,,,,,,,,,,,,,,,,,,,,,,,,,,,,,,,,,,,,,,,,,,,,,,,
,,,,,,,,,,,,,,,,,,,,,,,,,,,,,,,,,,,,,,,,,,,,,,,,,,,,,
,,,,,,,,,,,,,,,,,,,,,,,,,,,,,,,,,,,,,,,,,,,,,,,,,,,,,
,,,,,,,,,,,,,,,,,,,,,,,,,,,,,,,,,,,,,,,,,,,,,,,,,,,,,
,,,,,,,,,,,,,,,,,,,,,,,,,,,,,,,,,,,,,,,,,,,,,,,,,,,,,
,,,,,,,,,,,,,,,,,,,,,,,,,,,,,,,,,,,,,,,,,,,,,,,,,,,,,
,,,,,,,,,,,,,,,,,,,,,,,,,,,,,,,,,,,,,,,,,,,,,,,,,,,,,
,,,,,,,,,,,,,,,,,,,,,,,,,,,,,,,,,,,,,,,,,,,,,,,,,,,,,
,,,,,,,,,,,,,,,,,,,,,,,,,,,,,,,,,,,,,,,,,,,,,,,,,,,,,
,,,,,,,,,,,,,,,,,,,,,,,,,,,,,,,,,,,,,,,,,,,,,,,,,,,,,
,,,,,,,,,,,,,,,,,,,,,,,,,,,,,,,,,,,,,,,,,,,,,,,,,,,,,
,,,,,,,,,,,,,,,,,,,,,,,,,,,,,,,,,,,,,,,,,,,,,,,,,,,,,
,,,,,,,,,,,,,,,,,,,,,,,,,,,,,,,,,,,,,,,,,,,,,,,,,,,,,
,,,,,,,,,,,,,,,,,,,,,,,,,,,,,,,,,,,,,,,,,,,,,,,,,,,,,
,,,,,,,,,,,,,,,,,,,,,,,,,,,,,,,,,,,,,,,,,,,,,,,,,,,,,
,,,,,,,,,,,,,,,,,,,,,,,,,,,,,,,,,,,,,,,,,,,,,,,,,,,,,
,,,,,,,,,,,,,,,,,,,,,,,,,,,,,,,,,,,,,,,,,,,,,,,,,,,,,
,,,,,,,,,,,,,,,,,,,,,,,,,,,,,,,,,,,,,,,,,,,,,,,,,,,,,
,,,,,,,,,,,,,,,,,,,,,,,,,,,,,,,,,,,,,,,,,,,,,,,,,,,,,
,,,,,,,,,,,,,,,,,,,,,,,,,,,,,,,,,,,,,,,,,,,,,,,,,,,,,
,,,,,,,,,,,,,,,,,,,,,,,,,,,,,,,,,,,,,,,,,,,,,,,,,,,,,
,,,,,,,,,,,,,,,,,,,,,,,,,,,,,,,,,,,,,,,,,,,,,,,,,,,,,
,,,,,,,,,,,,,,,,,,,,,,,,,,,,,,,,,,,,,,,,,,,,,,,,,,,,,
,,,,,,,,,,,,,,,,,,,,,,,,,,,,,,,,,,,,,,,,,,,,,,,,,,,,,
,,,,,,,,,,,,,,,,,,,,,,,,,,,,,,,,,,,,,,,,,,,,,,,,,,,,,
,,,,,,,,,,,,,,,,,,,,,,,,,,,,,,,,,,,,,,,,,,,,,,,,,,,,,
,,,,,,,,,,,,,,,,,,,,,,,,,,,,,,,,,,,,,,,,,,,,,,,,,,,,,
,,,,,,,,,,,,,,,,,,,,,,,,,,,,,,,,,,,,,,,,,,,,,,,,,,,,,
,,,,,,,,,,,,,,,,,,,,,,,,,,,,,,,,,,,,,,,,,,,,,,,,,,,,,
,,,,,,,,,,,,,,,,,,,,,,,,,,,,,,,,,,,,,,,,,,,,,,,,,,,,,
,,,,,,,,,,,,,,,,,,,,,,,,,,,,,,,,,,,,,,,,,,,,,,,,,,,,,
,,,,,,,,,,,,,,,,,,,,,,,,,,,,,,,,,,,,,,,,,,,,,,,,,,,,,
,,,,,,,,,,,,,,,,,,,,,,,,,,,,,,,,,,,,,,,,,,,,,,,,,,,,,
,,,,,,,,,,,,,,,,,,,,,,,,,,,,,,,,,,,,,,,,,,,,,,,,,,,,,
,,,,,,,,,,,,,,,,,,,,,,,,,,,,,,,,,,,,,,,,,,,,,,,,,,,,,
,,,,,,,,,,,,,,,,,,,,,,,,,,,,,,,,,,,,,,,,,,,,,,,,,,,,,
,,,,,,,,,,,,,,,,,,,,,,,,,,,,,,,,,,,,,,,,,,,,,,,,,,,,,
,,,,,,,,,,,,,,,,,,,,,,,,,,,,,,,,,,,,,,,,,,,,,,,,,,,,,
,,,,,,,,,,,,,,,,,,,,,,,,,,,,,,,,,,,,,,,,,,,,,,,,,,,,,
,,,,,,,,,,,,,,,,,,,,,,,,,,,,,,,,,,,,,,,,,,,,,,,,,,,,,
,,,,,,,,,,,,,,,,,,,,,,,,,,,,,,,,,,,,,,,,,,,,,,,,,,,,,
,,,,,,,,,,,,,,,,,,,,,,,,,,,,,,,,,,,,,,,,,,,,,,,,,,,,,
,,,,,,,,,,,,,,,,,,,,,,,,,,,,,,,,,,,,,,,,,,,,,,,,,,,,,
,,,,,,,,,,,,,,,,,,,,,,,,,,,,,,,,,,,,,,,,,,,,,,,,,,,,,
,,,,,,,,,,,,,,,,,,,,,,,,,,,,,,,,,,,,,,,,,,,,,,,,,,,,,
,,,,,,,,,,,,,,,,,,,,,,,,,,,,,,,,,,,,,,,,,,,,,,,,,,,,,
,,,,,,,,,,,,,,,,,,,,,,,,,,,,,,,,,,,,,,,,,,,,,,,,,,,,,
,,,,,,,,,,,,,,,,,,,,,,,,,,,,,,,,,,,,,,,,,,,,,,,,,,,,,
,,,,,,,,,,,,,,,,,,,,,,,,,,,,,,,,,,,,,,,,,,,,,,,,,,,,,
,,,,,,,,,,,,,,,,,,,,,,,,,,,,,,,,,,,,,,,,,,,,,,,,,,,,,
,,,,,,,,,,,,,,,,,,,,,,,,,,,,,,,,,,,,,,,,,,,,,,,,,,,,,
,,,,,,,,,,,,,,,,,,,,,,,,,,,,,,,,,,,,,,,,,,,,,,,,,,,,,
,,,,,,,,,,,,,,,,,,,,,,,,,,,,,,,,,,,,,,,,,,,,,,,,,,,,,
,,,,,,,,,,,,,,,,,,,,,,,,,,,,,,,,,,,,,,,,,,,,,,,,,,,,,
,,,,,,,,,,,,,,,,,,,,,,,,,,,,,,,,,,,,,,,,,,,,,,,,,,,,,
,,,,,,,,,,,,,,,,,,,,,,,,,,,,,,,,,,,,,,,,,,,,,,,,,,,,,
,,,,,,,,,,,,,,,,,,,,,,,,,,,,,,,,,,,,,,,,,,,,,,,,,,,,,
,,,,,,,,,,,,,,,,,,,,,,,,,,,,,,,,,,,,,,,,,,,,,,,,,,,,,
,,,,,,,,,,,,,,,,,,,,,,,,,,,,,,,,,,,,,,,,,,,,,,,,,,,,,
,,,,,,,,,,,,,,,,,,,,,,,,,,,,,,,,,,,,,,,,,,,,,,,,,,,,,
,,,,,,,,,,,,,,,,,,,,,,,,,,,,,,,,,,,,,,,,,,,,,,,,,,,,,
,,,,,,,,,,,,,,,,,,,,,,,,,,,,,,,,,,,,,,,,,,,,,,,,,,,,,
,,,,,,,,,,,,,,,,,,,,,,,,,,,,,,,,,,,,,,,,,,,,,,,,,,,,,
,,,,,,,,,,,,,,,,,,,,,,,,,,,,,,,,,,,,,,,,,,,,,,,,,,,,,
,,,,,,,,,,,,,,,,,,,,,,,,,,,,,,,,,,,,,,,,,,,,,,,,,,,,,
,,,,,,,,,,,,,,,,,,,,,,,,,,,,,,,,,,,,,,,,,,,,,,,,,,,,,
,,,,,,,,,,,,,,,,,,,,,,,,,,,,,,,,,,,,,,,,,,,,,,,,,,,,,
,,,,,,,,,,,,,,,,,,,,,,,,,,,,,,,,,,,,,,,,,,,,,,,,,,,,,
,,,,,,,,,,,,,,,,,,,,,,,,,,,,,,,,,,,,,,,,,,,,,,,,,,,,,
,,,,,,,,,,,,,,,,,,,,,,,,,,,,,,,,,,,,,,,,,,,,,,,,,,,,,
,,,,,,,,,,,,,,,,,,,,,,,,,,,,,,,,,,,,,,,,,,,,,,,,,,,,,
,,,,,,,,,,,,,,,,,,,,,,,,,,,,,,,,,,,,,,,,,,,,,,,,,,,,,
,,,,,,,,,,,,,,,,,,,,,,,,,,,,,,,,,,,,,,,,,,,,,,,,,,,,,
,,,,,,,,,,,,,,,,,,,,,,,,,,,,,,,,,,,,,,,,,,,,,,,,,,,,,
,,,,,,,,,,,,,,,,,,,,,,,,,,,,,,,,,,,,,,,,,,,,,,,,,,,,,
,,,,,,,,,,,,,,,,,,,,,,,,,,,,,,,,,,,,,,,,,,,,,,,,,,,,,
,,,,,,,,,,,,,,,,,,,,,,,,,,,,,,,,,,,,,,,,,,,,,,,,,,,,,
,,,,,,,,,,,,,,,,,,,,,,,,,,,,,,,,,,,,,,,,,,,,,,,,,,,,,
,,,,,,,,,,,,,,,,,,,,,,,,,,,,,,,,,,,,,,,,,,,,,,,,,,,,,
,,,,,,,,,,,,,,,,,,,,,,,,,,,,,,,,,,,,,,,,,,,,,,,,,,,,,
,,,,,,,,,,,,,,,,,,,,,,,,,,,,,,,,,,,,,,,,,,,,,,,,,,,,,
,,,,,,,,,,,,,,,,,,,,,,,,,,,,,,,,,,,,,,,,,,,,,,,,,,,,,
,,,,,,,,,,,,,,,,,,,,,,,,,,,,,,,,,,,,,,,,,,,,,,,,,,,,,
,,,,,,,,,,,,,,,,,,,,,,,,,,,,,,,,,,,,,,,,,,,,,,,,,,,,,
,,,,,,,,,,,,,,,,,,,,,,,,,,,,,,,,,,,,,,,,,,,,,,,,,,,,,
,,,,,,,,,,,,,,,,,,,,,,,,,,,,,,,,,,,,,,,,,,,,,,,,,,,,,
,,,,,,,,,,,,,,,,,,,,,,,,,,,,,,,,,,,,,,,,,,,,,,,,,,,,,
,,,,,,,,,,,,,,,,,,,,,,,,,,,,,,,,,,,,,,,,,,,,,,,,,,,,,
,,,,,,,,,,,,,,,,,,,,,,,,,,,,,,,,,,,,,,,,,,,,,,,,,,,,,
,,,,,,,,,,,,,,,,,,,,,,,,,,,,,,,,,,,,,,,,,,,,,,,,,,,,,
,,,,,,,,,,,,,,,,,,,,,,,,,,,,,,,,,,,,,,,,,,,,,,,,,,,,,
,,,,,,,,,,,,,,,,,,,,,,,,,,,,,,,,,,,,,,,,,,,,,,,,,,,,,
,,,,,,,,,,,,,,,,,,,,,,,,,,,,,,,,,,,,,,,,,,,,,,,,,,,,,
,,,,,,,,,,,,,,,,,,,,,,,,,,,,,,,,,,,,,,,,,,,,,,,,,,,,,
,,,,,,,,,,,,,,,,,,,,,,,,,,,,,,,,,,,,,,,,,,,,,,,,,,,,,
,,,,,,,,,,,,,,,,,,,,,,,,,,,,,,,,,,,,,,,,,,,,,,,,,,,,,
,,,,,,,,,,,,,,,,,,,,,,,,,,,,,,,,,,,,,,,,,,,,,,,,,,,,,
,,,,,,,,,,,,,,,,,,,,,,,,,,,,,,,,,,,,,,,,,,,,,,,,,,,,,
,,,,,,,,,,,,,,,,,,,,,,,,,,,,,,,,,,,,,,,,,,,,,,,,,,,,,
,,,,,,,,,,,,,,,,,,,,,,,,,,,,,,,,,,,,,,,,,,,,,,,,,,,,,
,,,,,,,,,,,,,,,,,,,,,,,,,,,,,,,,,,,,,,,,,,,,,,,,,,,,,
,,,,,,,,,,,,,,,,,,,,,,,,,,,,,,,,,,,,,,,,,,,,,,,,,,,,,
,,,,,,,,,,,,,,,,,,,,,,,,,,,,,,,,,,,,,,,,,,,,,,,,,,,,,
,,,,,,,,,,,,,,,,,,,,,,,,,,,,,,,,,,,,,,,,,,,,,,,,,,,,,
,,,,,,,,,,,,,,,,,,,,,,,,,,,,,,,,,,,,,,,,,,,,,,,,,,,,,
,,,,,,,,,,,,,,,,,,,,,,,,,,,,,,,,,,,,,,,,,,,,,,,,,,,,,
,,,,,,,,,,,,,,,,,,,,,,,,,,,,,,,,,,,,,,,,,,,,,,,,,,,,,
,,,,,,,,,,,,,,,,,,,,,,,,,,,,,,,,,,,,,,,,,,,,,,,,,,,,,
,,,,,,,,,,,,,,,,,,,,,,,,,,,,,,,,,,,,,,,,,,,,,,,,,,,,,
,,,,,,,,,,,,,,,,,,,,,,,,,,,,,,,,,,,,,,,,,,,,,,,,,,,,,
,,,,,,,,,,,,,,,,,,,,,,,,,,,,,,,,,,,,,,,,,,,,,,,,,,,,,
,,,,,,,,,,,,,,,,,,,,,,,,,,,,,,,,,,,,,,,,,,,,,,,,,,,,,
,,,,,,,,,,,,,,,,,,,,,,,,,,,,,,,,,,,,,,,,,,,,,,,,,,,,,
,,,,,,,,,,,,,,,,,,,,,,,,,,,,,,,,,,,,,,,,,,,,,,,,,,,,,
,,,,,,,,,,,,,,,,,,,,,,,,,,,,,,,,,,,,,,,,,,,,,,,,,,,,,
,,,,,,,,,,,,,,,,,,,,,,,,,,,,,,,,,,,,,,,,,,,,,,,,,,,,,
,,,,,,,,,,,,,,,,,,,,,,,,,,,,,,,,,,,,,,,,,,,,,,,,,,,,,
,,,,,,,,,,,,,,,,,,,,,,,,,,,,,,,,,,,,,,,,,,,,,,,,,,,,,
,,,,,,,,,,,,,,,,,,,,,,,,,,,,,,,,,,,,,,,,,,,,,,,,,,,,,
,,,,,,,,,,,,,,,,,,,,,,,,,,,,,,,,,,,,,,,,,,,,,,,,,,,,,
,,,,,,,,,,,,,,,,,,,,,,,,,,,,,,,,,,,,,,,,,,,,,,,,,,,,,
,,,,,,,,,,,,,,,,,,,,,,,,,,,,,,,,,,,,,,,,,,,,,,,,,,,,,
,,,,,,,,,,,,,,,,,,,,,,,,,,,,,,,,,,,,,,,,,,,,,,,,,,,,,
,,,,,,,,,,,,,,,,,,,,,,,,,,,,,,,,,,,,,,,,,,,,,,,,,,,,,
,,,,,,,,,,,,,,,,,,,,,,,,,,,,,,,,,,,,,,,,,,,,,,,,,,,,,
,,,,,,,,,,,,,,,,,,,,,,,,,,,,,,,,,,,,,,,,,,,,,,,,,,,,,
,,,,,,,,,,,,,,,,,,,,,,,,,,,,,,,,,,,,,,,,,,,,,,,,,,,,,
,,,,,,,,,,,,,,,,,,,,,,,,,,,,,,,,,,,,,,,,,,,,,,,,,,,,,
,,,,,,,,,,,,,,,,,,,,,,,,,,,,,,,,,,,,,,,,,,,,,,,,,,,,,
,,,,,,,,,,,,,,,,,,,,,,,,,,,,,,,,,,,,,,,,,,,,,,,,,,,,,
,,,,,,,,,,,,,,,,,,,,,,,,,,,,,,,,,,,,,,,,,,,,,,,,,,,,,
,,,,,,,,,,,,,,,,,,,,,,,,,,,,,,,,,,,,,,,,,,,,,,,,,,,,,
,,,,,,,,,,,,,,,,,,,,,,,,,,,,,,,,,,,,,,,,,,,,,,,,,,,,,
,,,,,,,,,,,,,,,,,,,,,,,,,,,,,,,,,,,,,,,,,,,,,,,,,,,,,
,,,,,,,,,,,,,,,,,,,,,,,,,,,,,,,,,,,,,,,,,,,,,,,,,,,,,
,,,,,,,,,,,,,,,,,,,,,,,,,,,,,,,,,,,,,,,,,,,,,,,,,,,,,
,,,,,,,,,,,,,,,,,,,,,,,,,,,,,,,,,,,,,,,,,,,,,,,,,,,,,
,,,,,,,,,,,,,,,,,,,,,,,,,,,,,,,,,,,,,,,,,,,,,,,,,,,,,
,,,,,,,,,,,,,,,,,,,,,,,,,,,,,,,,,,,,,,,,,,,,,,,,,,,,,
,,,,,,,,,,,,,,,,,,,,,,,,,,,,,,,,,,,,,,,,,,,,,,,,,,,,,
,,,,,,,,,,,,,,,,,,,,,,,,,,,,,,,,,,,,,,,,,,,,,,,,,,,,,
,,,,,,,,,,,,,,,,,,,,,,,,,,,,,,,,,,,,,,,,,,,,,,,,,,,,,
,,,,,,,,,,,,,,,,,,,,,,,,,,,,,,,,,,,,,,,,,,,,,,,,,,,,,
,,,,,,,,,,,,,,,,,,,,,,,,,,,,,,,,,,,,,,,,,,,,,,,,,,,,,
,,,,,,,,,,,,,,,,,,,,,,,,,,,,,,,,,,,,,,,,,,,,,,,,,,,,,
,,,,,,,,,,,,,,,,,,,,,,,,,,,,,,,,,,,,,,,,,,,,,,,,,,,,,
,,,,,,,,,,,,,,,,,,,,,,,,,,,,,,,,,,,,,,,,,,,,,,,,,,,,,
,,,,,,,,,,,,,,,,,,,,,,,,,,,,,,,,,,,,,,,,,,,,,,,,,,,,,
,,,,,,,,,,,,,,,,,,,,,,,,,,,,,,,,,,,,,,,,,,,,,,,,,,,,,
,,,,,,,,,,,,,,,,,,,,,,,,,,,,,,,,,,,,,,,,,,,,,,,,,,,,,
,,,,,,,,,,,,,,,,,,,,,,,,,,,,,,,,,,,,,,,,,,,,,,,,,,,,,
,,,,,,,,,,,,,,,,,,,,,,,,,,,,,,,,,,,,,,,,,,,,,,,,,,,,,
,,,,,,,,,,,,,,,,,,,,,,,,,,,,,,,,,,,,,,,,,,,,,,,,,,,,,
,,,,,,,,,,,,,,,,,,,,,,,,,,,,,,,,,,,,,,,,,,,,,,,,,,,,,
,,,,,,,,,,,,,,,,,,,,,,,,,,,,,,,,,,,,,,,,,,,,,,,,,,,,,
,,,,,,,,,,,,,,,,,,,,,,,,,,,,,,,,,,,,,,,,,,,,,,,,,,,,,
,,,,,,,,,,,,,,,,,,,,,,,,,,,,,,,,,,,,,,,,,,,,,,,,,,,,,
,,,,,,,,,,,,,,,,,,,,,,,,,,,,,,,,,,,,,,,,,,,,,,,,,,,,,
,,,,,,,,,,,,,,,,,,,,,,,,,,,,,,,,,,,,,,,,,,,,,,,,,,,,,
,,,,,,,,,,,,,,,,,,,,,,,,,,,,,,,,,,,,,,,,,,,,,,,,,,,,,
,,,,,,,,,,,,,,,,,,,,,,,,,,,,,,,,,,,,,,,,,,,,,,,,,,,,,
,,,,,,,,,,,,,,,,,,,,,,,,,,,,,,,,,,,,,,,,,,,,,,,,,,,,,
,,,,,,,,,,,,,,,,,,,,,,,,,,,,,,,,,,,,,,,,,,,,,,,,,,,,,
,,,,,,,,,,,,,,,,,,,,,,,,,,,,,,,,,,,,,,,,,,,,,,,,,,,,,
,,,,,,,,,,,,,,,,,,,,,,,,,,,,,,,,,,,,,,,,,,,,,,,,,,,,,
,,,,,,,,,,,,,,,,,,,,,,,,,,,,,,,,,,,,,,,,,,,,,,,,,,,,,
,,,,,,,,,,,,,,,,,,,,,,,,,,,,,,,,,,,,,,,,,,,,,,,,,,,,,
,,,,,,,,,,,,,,,,,,,,,,,,,,,,,,,,,,,,,,,,,,,,,,,,,,,,,
,,,,,,,,,,,,,,,,,,,,,,,,,,,,,,,,,,,,,,,,,,,,,,,,,,,,,
,,,,,,,,,,,,,,,,,,,,,,,,,,,,,,,,,,,,,,,,,,,,,,,,,,,,,
,,,,,,,,,,,,,,,,,,,,,,,,,,,,,,,,,,,,,,,,,,,,,,,,,,,,,
,,,,,,,,,,,,,,,,,,,,,,,,,,,,,,,,,,,,,,,,,,,,,,,,,,,,,
,,,,,,,,,,,,,,,,,,,,,,,,,,,,,,,,,,,,,,,,,,,,,,,,,,,,,
,,,,,,,,,,,,,,,,,,,,,,,,,,,,,,,,,,,,,,,,,,,,,,,,,,,,,
,,,,,,,,,,,,,,,,,,,,,,,,,,,,,,,,,,,,,,,,,,,,,,,,,,,,,
,,,,,,,,,,,,,,,,,,,,,,,,,,,,,,,,,,,,,,,,,,,,,,,,,,,,,
,,,,,,,,,,,,,,,,,,,,,,,,,,,,,,,,,,,,,,,,,,,,,,,,,,,,,
,,,,,,,,,,,,,,,,,,,,,,,,,,,,,,,,,,,,,,,,,,,,,,,,,,,,,
,,,,,,,,,,,,,,,,,,,,,,,,,,,,,,,,,,,,,,,,,,,,,,,,,,,,,
,,,,,,,,,,,,,,,,,,,,,,,,,,,,,,,,,,,,,,,,,,,,,,,,,,,,,
,,,,,,,,,,,,,,,,,,,,,,,,,,,,,,,,,,,,,,,,,,,,,,,,,,,,,
,,,,,,,,,,,,,,,,,,,,,,,,,,,,,,,,,,,,,,,,,,,,,,,,,,,,,
,,,,,,,,,,,,,,,,,,,,,,,,,,,,,,,,,,,,,,,,,,,,,,,,,,,,,
,,,,,,,,,,,,,,,,,,,,,,,,,,,,,,,,,,,,,,,,,,,,,,,,,,,,,
,,,,,,,,,,,,,,,,,,,,,,,,,,,,,,,,,,,,,,,,,,,,,,,,,,,,,
,,,,,,,,,,,,,,,,,,,,,,,,,,,,,,,,,,,,,,,,,,,,,,,,,,,,,
,,,,,,,,,,,,,,,,,,,,,,,,,,,,,,,,,,,,,,,,,,,,,,,,,,,,,
,,,,,,,,,,,,,,,,,,,,,,,,,,,,,,,,,,,,,,,,,,,,,,,,,,,,,
,,,,,,,,,,,,,,,,,,,,,,,,,,,,,,,,,,,,,,,,,,,,,,,,,,,,,
,,,,,,,,,,,,,,,,,,,,,,,,,,,,,,,,,,,,,,,,,,,,,,,,,,,,,
,,,,,,,,,,,,,,,,,,,,,,,,,,,,,,,,,,,,,,,,,,,,,,,,,,,,,
,,,,,,,,,,,,,,,,,,,,,,,,,,,,,,,,,,,,,,,,,,,,,,,,,,,,,
,,,,,,,,,,,,,,,,,,,,,,,,,,,,,,,,,,,,,,,,,,,,,,,,,,,,,
,,,,,,,,,,,,,,,,,,,,,,,,,,,,,,,,,,,,,,,,,,,,,,,,,,,,,
,,,,,,,,,,,,,,,,,,,,,,,,,,,,,,,,,,,,,,,,,,,,,,,,,,,,,
,,,,,,,,,,,,,,,,,,,,,,,,,,,,,,,,,,,,,,,,,,,,,,,,,,,,,
,,,,,,,,,,,,,,,,,,,,,,,,,,,,,,,,,,,,,,,,,,,,,,,,,,,,,
,,,,,,,,,,,,,,,,,,,,,,,,,,,,,,,,,,,,,,,,,,,,,,,,,,,,,
,,,,,,,,,,,,,,,,,,,,,,,,,,,,,,,,,,,,,,,,,,,,,,,,,,,,,
,,,,,,,,,,,,,,,,,,,,,,,,,,,,,,,,,,,,,,,,,,,,,,,,,,,,,
,,,,,,,,,,,,,,,,,,,,,,,,,,,,,,,,,,,,,,,,,,,,,,,,,,,,,
,,,,,,,,,,,,,,,,,,,,,,,,,,,,,,,,,,,,,,,,,,,,,,,,,,,,,
,,,,,,,,,,,,,,,,,,,,,,,,,,,,,,,,,,,,,,,,,,,,,,,,,,,,,
,,,,,,,,,,,,,,,,,,,,,,,,,,,,,,,,,,,,,,,,,,,,,,,,,,,,,
,,,,,,,,,,,,,,,,,,,,,,,,,,,,,,,,,,,,,,,,,,,,,,,,,,,,,
,,,,,,,,,,,,,,,,,,,,,,,,,,,,,,,,,,,,,,,,,,,,,,,,,,,,,
,,,,,,,,,,,,,,,,,,,,,,,,,,,,,,,,,,,,,,,,,,,,,,,,,,,,,
,,,,,,,,,,,,,,,,,,,,,,,,,,,,,,,,,,,,,,,,,,,,,,,,,,,,,
,,,,,,,,,,,,,,,,,,,,,,,,,,,,,,,,,,,,,,,,,,,,,,,,,,,,,
,,,,,,,,,,,,,,,,,,,,,,,,,,,,,,,,,,,,,,,,,,,,,,,,,,,,,
,,,,,,,,,,,,,,,,,,,,,,,,,,,,,,,,,,,,,,,,,,,,,,,,,,,,,
,,,,,,,,,,,,,,,,,,,,,,,,,,,,,,,,,,,,,,,,,,,,,,,,,,,,,
,,,,,,,,,,,,,,,,,,,,,,,,,,,,,,,,,,,,,,,,,,,,,,,,,,,,,
,,,,,,,,,,,,,,,,,,,,,,,,,,,,,,,,,,,,,,,,,,,,,,,,,,,,,
,,,,,,,,,,,,,,,,,,,,,,,,,,,,,,,,,,,,,,,,,,,,,,,,,,,,,
,,,,,,,,,,,,,,,,,,,,,,,,,,,,,,,,,,,,,,,,,,,,,,,,,,,,,
,,,,,,,,,,,,,,,,,,,,,,,,,,,,,,,,,,,,,,,,,,,,,,,,,,,,,
,,,,,,,,,,,,,,,,,,,,,,,,,,,,,,,,,,,,,,,,,,,,,,,,,,,,,
,,,,,,,,,,,,,,,,,,,,,,,,,,,,,,,,,,,,,,,,,,,,,,,,,,,,,
,,,,,,,,,,,,,,,,,,,,,,,,,,,,,,,,,,,,,,,,,,,,,,,,,,,,,
,,,,,,,,,,,,,,,,,,,,,,,,,,,,,,,,,,,,,,,,,,,,,,,,,,,,,
,,,,,,,,,,,,,,,,,,,,,,,,,,,,,,,,,,,,,,,,,,,,,,,,,,,,,
,,,,,,,,,,,,,,,,,,,,,,,,,,,,,,,,,,,,,,,,,,,,,,,,,,,,,
,,,,,,,,,,,,,,,,,,,,,,,,,,,,,,,,,,,,,,,,,,,,,,,,,,,,,
,,,,,,,,,,,,,,,,,,,,,,,,,,,,,,,,,,,,,,,,,,,,,,,,,,,,,
,,,,,,,,,,,,,,,,,,,,,,,,,,,,,,,,,,,,,,,,,,,,,,,,,,,,,
,,,,,,,,,,,,,,,,,,,,,,,,,,,,,,,,,,,,,,,,,,,,,,,,,,,,,
,,,,,,,,,,,,,,,,,,,,,,,,,,,,,,,,,,,,,,,,,,,,,,,,,,,,,
,,,,,,,,,,,,,,,,,,,,,,,,,,,,,,,,,,,,,,,,,,,,,,,,,,,,,
,,,,,,,,,,,,,,,,,,,,,,,,,,,,,,,,,,,,,,,,,,,,,,,,,,,,,
,,,,,,,,,,,,,,,,,,,,,,,,,,,,,,,,,,,,,,,,,,,,,,,,,,,,,
,,,,,,,,,,,,,,,,,,,,,,,,,,,,,,,,,,,,,,,,,,,,,,,,,,,,,
,,,,,,,,,,,,,,,,,,,,,,,,,,,,,,,,,,,,,,,,,,,,,,,,,,,,,
,,,,,,,,,,,,,,,,,,,,,,,,,,,,,,,,,,,,,,,,,,,,,,,,,,,,,
,,,,,,,,,,,,,,,,,,,,,,,,,,,,,,,,,,,,,,,,,,,,,,,,,,,,,
,,,,,,,,,,,,,,,,,,,,,,,,,,,,,,,,,,,,,,,,,,,,,,,,,,,,,
,,,,,,,,,,,,,,,,,,,,,,,,,,,,,,,,,,,,,,,,,,,,,,,,,,,,,
,,,,,,,,,,,,,,,,,,,,,,,,,,,,,,,,,,,,,,,,,,,,,,,,,,,,,
,,,,,,,,,,,,,,,,,,,,,,,,,,,,,,,,,,,,,,,,,,,,,,,,,,,,,
,,,,,,,,,,,,,,,,,,,,,,,,,,,,,,,,,,,,,,,,,,,,,,,,,,,,,
,,,,,,,,,,,,,,,,,,,,,,,,,,,,,,,,,,,,,,,,,,,,,,,,,,,,,
,,,,,,,,,,,,,,,,,,,,,,,,,,,,,,,,,,,,,,,,,,,,,,,,,,,,,
,,,,,,,,,,,,,,,,,,,,,,,,,,,,,,,,,,,,,,,,,,,,,,,,,,,,,
,,,,,,,,,,,,,,,,,,,,,,,,,,,,,,,,,,,,,,,,,,,,,,,,,,,,,
,,,,,,,,,,,,,,,,,,,,,,,,,,,,,,,,,,,,,,,,,,,,,,,,,,,,,
,,,,,,,,,,,,,,,,,,,,,,,,,,,,,,,,,,,,,,,,,,,,,,,,,,,,,
,,,,,,,,,,,,,,,,,,,,,,,,,,,,,,,,,,,,,,,,,,,,,,,,,,,,,
,,,,,,,,,,,,,,,,,,,,,,,,,,,,,,,,,,,,,,,,,,,,,,,,,,,,,
,,,,,,,,,,,,,,,,,,,,,,,,,,,,,,,,,,,,,,,,,,,,,,,,,,,,,
,,,,,,,,,,,,,,,,,,,,,,,,,,,,,,,,,,,,,,,,,,,,,,,,,,,,,
,,,,,,,,,,,,,,,,,,,,,,,,,,,,,,,,,,,,,,,,,,,,,,,,,,,,,
,,,,,,,,,,,,,,,,,,,,,,,,,,,,,,,,,,,,,,,,,,,,,,,,,,,,,
,,,,,,,,,,,,,,,,,,,,,,,,,,,,,,,,,,,,,,,,,,,,,,,,,,,,,
,,,,,,,,,,,,,,,,,,,,,,,,,,,,,,,,,,,,,,,,,,,,,,,,,,,,,
,,,,,,,,,,,,,,,,,,,,,,,,,,,,,,,,,,,,,,,,,,,,,,,,,,,,,
,,,,,,,,,,,,,,,,,,,,,,,,,,,,,,,,,,,,,,,,,,,,,,,,,,,,,
,,,,,,,,,,,,,,,,,,,,,,,,,,,,,,,,,,,,,,,,,,,,,,,,,,,,,
,,,,,,,,,,,,,,,,,,,,,,,,,,,,,,,,,,,,,,,,,,,,,,,,,,,,,
,,,,,,,,,,,,,,,,,,,,,,,,,,,,,,,,,,,,,,,,,,,,,,,,,,,,,
,,,,,,,,,,,,,,,,,,,,,,,,,,,,,,,,,,,,,,,,,,,,,,,,,,,,,
,,,,,,,,,,,,,,,,,,,,,,,,,,,,,,,,,,,,,,,,,,,,,,,,,,,,,
,,,,,,,,,,,,,,,,,,,,,,,,,,,,,,,,,,,,,,,,,,,,,,,,,,,,,
,,,,,,,,,,,,,,,,,,,,,,,,,,,,,,,,,,,,,,,,,,,,,,,,,,,,,
,,,,,,,,,,,,,,,,,,,,,,,,,,,,,,,,,,,,,,,,,,,,,,,,,,,,,
,,,,,,,,,,,,,,,,,,,,,,,,,,,,,,,,,,,,,,,,,,,,,,,,,,,,,
,,,,,,,,,,,,,,,,,,,,,,,,,,,,,,,,,,,,,,,,,,,,,,,,,,,,,
,,,,,,,,,,,,,,,,,,,,,,,,,,,,,,,,,,,,,,,,,,,,,,,,,,,,,
,,,,,,,,,,,,,,,,,,,,,,,,,,,,,,,,,,,,,,,,,,,,,,,,,,,,,
,,,,,,,,,,,,,,,,,,,,,,,,,,,,,,,,,,,,,,,,,,,,,,,,,,,,,
,,,,,,,,,,,,,,,,,,,,,,,,,,,,,,,,,,,,,,,,,,,,,,,,,,,,,
,,,,,,,,,,,,,,,,,,,,,,,,,,,,,,,,,,,,,,,,,,,,,,,,,,,,,
,,,,,,,,,,,,,,,,,,,,,,,,,,,,,,,,,,,,,,,,,,,,,,,,,,,,,
,,,,,,,,,,,,,,,,,,,,,,,,,,,,,,,,,,,,,,,,,,,,,,,,,,,,,
,,,,,,,,,,,,,,,,,,,,,,,,,,,,,,,,,,,,,,,,,,,,,,,,,,,,,
,,,,,,,,,,,,,,,,,,,,,,,,,,,,,,,,,,,,,,,,,,,,,,,,,,,,,
,,,,,,,,,,,,,,,,,,,,,,,,,,,,,,,,,,,,,,,,,,,,,,,,,,,,,
,,,,,,,,,,,,,,,,,,,,,,,,,,,,,,,,,,,,,,,,,,,,,,,,,,,,,
,,,,,,,,,,,,,,,,,,,,,,,,,,,,,,,,,,,,,,,,,,,,,,,,,,,,,
,,,,,,,,,,,,,,,,,,,,,,,,,,,,,,,,,,,,,,,,,,,,,,,,,,,,,
,,,,,,,,,,,,,,,,,,,,,,,,,,,,,,,,,,,,,,,,,,,,,,,,,,,,,
,,,,,,,,,,,,,,,,,,,,,,,,,,,,,,,,,,,,,,,,,,,,,,,,,,,,,
,,,,,,,,,,,,,,,,,,,,,,,,,,,,,,,,,,,,,,,,,,,,,,,,,,,,,
,,,,,,,,,,,,,,,,,,,,,,,,,,,,,,,,,,,,,,,,,,,,,,,,,,,,,
,,,,,,,,,,,,,,,,,,,,,,,,,,,,,,,,,,,,,,,,,,,,,,,,,,,,,
,,,,,,,,,,,,,,,,,,,,,,,,,,,,,,,,,,,,,,,,,,,,,,,,,,,,,
,,,,,,,,,,,,,,,,,,,,,,,,,,,,,,,,,,,,,,,,,,,,,,,,,,,,,
,,,,,,,,,,,,,,,,,,,,,,,,,,,,,,,,,,,,,,,,,,,,,,,,,,,,,
,,,,,,,,,,,,,,,,,,,,,,,,,,,,,,,,,,,,,,,,,,,,,,,,,,,,,
,,,,,,,,,,,,,,,,,,,,,,,,,,,,,,,,,,,,,,,,,,,,,,,,,,,,,
,,,,,,,,,,,,,,,,,,,,,,,,,,,,,,,,,,,,,,,,,,,,,,,,,,,,,
,,,,,,,,,,,,,,,,,,,,,,,,,,,,,,,,,,,,,,,,,,,,,,,,,,,,,
,,,,,,,,,,,,,,,,,,,,,,,,,,,,,,,,,,,,,,,,,,,,,,,,,,,,,
,,,,,,,,,,,,,,,,,,,,,,,,,,,,,,,,,,,,,,,,,,,,,,,,,,,,,
,,,,,,,,,,,,,,,,,,,,,,,,,,,,,,,,,,,,,,,,,,,,,,,,,,,,,
,,,,,,,,,,,,,,,,,,,,,,,,,,,,,,,,,,,,,,,,,,,,,,,,,,,,,
,,,,,,,,,,,,,,,,,,,,,,,,,,,,,,,,,,,,,,,,,,,,,,,,,,,,,
,,,,,,,,,,,,,,,,,,,,,,,,,,,,,,,,,,,,,,,,,,,,,,,,,,,,,
,,,,,,,,,,,,,,,,,,,,,,,,,,,,,,,,,,,,,,,,,,,,,,,,,,,,,
,,,,,,,,,,,,,,,,,,,,,,,,,,,,,,,,,,,,,,,,,,,,,,,,,,,,,
,,,,,,,,,,,,,,,,,,,,,,,,,,,,,,,,,,,,,,,,,,,,,,,,,,,,,
,,,,,,,,,,,,,,,,,,,,,,,,,,,,,,,,,,,,,,,,,,,,,,,,,,,,,
,,,,,,,,,,,,,,,,,,,,,,,,,,,,,,,,,,,,,,,,,,,,,,,,,,,,,
,,,,,,,,,,,,,,,,,,,,,,,,,,,,,,,,,,,,,,,,,,,,,,,,,,,,,
,,,,,,,,,,,,,,,,,,,,,,,,,,,,,,,,,,,,,,,,,,,,,,,,,,,,,
,,,,,,,,,,,,,,,,,,,,,,,,,,,,,,,,,,,,,,,,,,,,,,,,,,,,,
,,,,,,,,,,,,,,,,,,,,,,,,,,,,,,,,,,,,,,,,,,,,,,,,,,,,,
,,,,,,,,,,,,,,,,,,,,,,,,,,,,,,,,,,,,,,,,,,,,,,,,,,,,,
,,,,,,,,,,,,,,,,,,,,,,,,,,,,,,,,,,,,,,,,,,,,,,,,,,,,,
,,,,,,,,,,,,,,,,,,,,,,,,,,,,,,,,,,,,,,,,,,,,,,,,,,,,,
,,,,,,,,,,,,,,,,,,,,,,,,,,,,,,,,,,,,,,,,,,,,,,,,,,,,,
,,,,,,,,,,,,,,,,,,,,,,,,,,,,,,,,,,,,,,,,,,,,,,,,,,,,,
,,,,,,,,,,,,,,,,,,,,,,,,,,,,,,,,,,,,,,,,,,,,,,,,,,,,,
,,,,,,,,,,,,,,,,,,,,,,,,,,,,,,,,,,,,,,,,,,,,,,,,,,,,,
,,,,,,,,,,,,,,,,,,,,,,,,,,,,,,,,,,,,,,,,,,,,,,,,,,,,,
,,,,,,,,,,,,,,,,,,,,,,,,,,,,,,,,,,,,,,,,,,,,,,,,,,,,,
,,,,,,,,,,,,,,,,,,,,,,,,,,,,,,,,,,,,,,,,,,,,,,,,,,,,,
,,,,,,,,,,,,,,,,,,,,,,,,,,,,,,,,,,,,,,,,,,,,,,,,,,,,,
,,,,,,,,,,,,,,,,,,,,,,,,,,,,,,,,,,,,,,,,,,,,,,,,,,,,,
,,,,,,,,,,,,,,,,,,,,,,,,,,,,,,,,,,,,,,,,,,,,,,,,,,,,,
,,,,,,,,,,,,,,,,,,,,,,,,,,,,,,,,,,,,,,,,,,,,,,,,,,,,,
,,,,,,,,,,,,,,,,,,,,,,,,,,,,,,,,,,,,,,,,,,,,,,,,,,,,,
,,,,,,,,,,,,,,,,,,,,,,,,,,,,,,,,,,,,,,,,,,,,,,,,,,,,,
,,,,,,,,,,,,,,,,,,,,,,,,,,,,,,,,,,,,,,,,,,,,,,,,,,,,,
,,,,,,,,,,,,,,,,,,,,,,,,,,,,,,,,,,,,,,,,,,,,,,,,,,,,,
,,,,,,,,,,,,,,,,,,,,,,,,,,,,,,,,,,,,,,,,,,,,,,,,,,,,,
,,,,,,,,,,,,,,,,,,,,,,,,,,,,,,,,,,,,,,,,,,,,,,,,,,,,,
,,,,,,,,,,,,,,,,,,,,,,,,,,,,,,,,,,,,,,,,,,,,,,,,,,,,,
,,,,,,,,,,,,,,,,,,,,,,,,,,,,,,,,,,,,,,,,,,,,,,,,,,,,,
,,,,,,,,,,,,,,,,,,,,,,,,,,,,,,,,,,,,,,,,,,,,,,,,,,,,,
,,,,,,,,,,,,,,,,,,,,,,,,,,,,,,,,,,,,,,,,,,,,,,,,,,,,,
,,,,,,,,,,,,,,,,,,,,,,,,,,,,,,,,,,,,,,,,,,,,,,,,,,,,,
,,,,,,,,,,,,,,,,,,,,,,,,,,,,,,,,,,,,,,,,,,,,,,,,,,,,,
,,,,,,,,,,,,,,,,,,,,,,,,,,,,,,,,,,,,,,,,,,,,,,,,,,,,,
,,,,,,,,,,,,,,,,,,,,,,,,,,,,,,,,,,,,,,,,,,,,,,,,,,,,,
,,,,,,,,,,,,,,,,,,,,,,,,,,,,,,,,,,,,,,,,,,,,,,,,,,,,,
,,,,,,,,,,,,,,,,,,,,,,,,,,,,,,,,,,,,,,,,,,,,,,,,,,,,,
,,,,,,,,,,,,,,,,,,,,,,,,,,,,,,,,,,,,,,,,,,,,,,,,,,,,,
,,,,,,,,,,,,,,,,,,,,,,,,,,,,,,,,,,,,,,,,,,,,,,,,,,,,,
,,,,,,,,,,,,,,,,,,,,,,,,,,,,,,,,,,,,,,,,,,,,,,,,,,,,,
,,,,,,,,,,,,,,,,,,,,,,,,,,,,,,,,,,,,,,,,,,,,,,,,,,,,,
,,,,,,,,,,,,,,,,,,,,,,,,,,,,,,,,,,,,,,,,,,,,,,,,,,,,,
,,,,,,,,,,,,,,,,,,,,,,,,,,,,,,,,,,,,,,,,,,,,,,,,,,,,,
,,,,,,,,,,,,,,,,,,,,,,,,,,,,,,,,,,,,,,,,,,,,,,,,,,,,,
,,,,,,,,,,,,,,,,,,,,,,,,,,,,,,,,,,,,,,,,,,,,,,,,,,,,,
,,,,,,,,,,,,,,,,,,,,,,,,,,,,,,,,,,,,,,,,,,,,,,,,,,,,,
,,,,,,,,,,,,,,,,,,,,,,,,,,,,,,,,,,,,,,,,,,,,,,,,,,,,,
,,,,,,,,,,,,,,,,,,,,,,,,,,,,,,,,,,,,,,,,,,,,,,,,,,,,,
,,,,,,,,,,,,,,,,,,,,,,,,,,,,,,,,,,,,,,,,,,,,,,,,,,,,,
,,,,,,,,,,,,,,,,,,,,,,,,,,,,,,,,,,,,,,,,,,,,,,,,,,,,,
,,,,,,,,,,,,,,,,,,,,,,,,,,,,,,,,,,,,,,,,,,,,,,,,,,,,,
,,,,,,,,,,,,,,,,,,,,,,,,,,,,,,,,,,,,,,,,,,,,,,,,,,,,,
,,,,,,,,,,,,,,,,,,,,,,,,,,,,,,,,,,,,,,,,,,,,,,,,,,,,,
,,,,,,,,,,,,,,,,,,,,,,,,,,,,,,,,,,,,,,,,,,,,,,,,,,,,,
,,,,,,,,,,,,,,,,,,,,,,,,,,,,,,,,,,,,,,,,,,,,,,,,,,,,,
,,,,,,,,,,,,,,,,,,,,,,,,,,,,,,,,,,,,,,,,,,,,,,,,,,,,,
,,,,,,,,,,,,,,,,,,,,,,,,,,,,,,,,,,,,,,,,,,,,,,,,,,,,,
,,,,,,,,,,,,,,,,,,,,,,,,,,,,,,,,,,,,,,,,,,,,,,,,,,,,,
,,,,,,,,,,,,,,,,,,,,,,,,,,,,,,,,,,,,,,,,,,,,,,,,,,,,,
,,,,,,,,,,,,,,,,,,,,,,,,,,,,,,,,,,,,,,,,,,,,,,,,,,,,,
,,,,,,,,,,,,,,,,,,,,,,,,,,,,,,,,,,,,,,,,,,,,,,,,,,,,,
,,,,,,,,,,,,,,,,,,,,,,,,,,,,,,,,,,,,,,,,,,,,,,,,,,,,,
,,,,,,,,,,,,,,,,,,,,,,,,,,,,,,,,,,,,,,,,,,,,,,,,,,,,,
,,,,,,,,,,,,,,,,,,,,,,,,,,,,,,,,,,,,,,,,,,,,,,,,,,,,,
,,,,,,,,,,,,,,,,,,,,,,,,,,,,,,,,,,,,,,,,,,,,,,,,,,,,,
,,,,,,,,,,,,,,,,,,,,,,,,,,,,,,,,,,,,,,,,,,,,,,,,,,,,,
,,,,,,,,,,,,,,,,,,,,,,,,,,,,,,,,,,,,,,,,,,,,,,,,,,,,,
,,,,,,,,,,,,,,,,,,,,,,,,,,,,,,,,,,,,,,,,,,,,,,,,,,,,,
,,,,,,,,,,,,,,,,,,,,,,,,,,,,,,,,,,,,,,,,,,,,,,,,,,,,,
,,,,,,,,,,,,,,,,,,,,,,,,,,,,,,,,,,,,,,,,,,,,,,,,,,,,,
,,,,,,,,,,,,,,,,,,,,,,,,,,,,,,,,,,,,,,,,,,,,,,,,,,,,,
,,,,,,,,,,,,,,,,,,,,,,,,,,,,,,,,,,,,,,,,,,,,,,,,,,,,,
,,,,,,,,,,,,,,,,,,,,,,,,,,,,,,,,,,,,,,,,,,,,,,,,,,,,,
,,,,,,,,,,,,,,,,,,,,,,,,,,,,,,,,,,,,,,,,,,,,,,,,,,,,,
,,,,,,,,,,,,,,,,,,,,,,,,,,,,,,,,,,,,,,,,,,,,,,,,,,,,,
,,,,,,,,,,,,,,,,,,,,,,,,,,,,,,,,,,,,,,,,,,,,,,,,,,,,,
,,,,,,,,,,,,,,,,,,,,,,,,,,,,,,,,,,,,,,,,,,,,,,,,,,,,,
,,,,,,,,,,,,,,,,,,,,,,,,,,,,,,,,,,,,,,,,,,,,,,,,,,,,,
,,,,,,,,,,,,,,,,,,,,,,,,,,,,,,,,,,,,,,,,,,,,,,,,,,,,,
,,,,,,,,,,,,,,,,,,,,,,,,,,,,,,,,,,,,,,,,,,,,,,,,,,,,,
,,,,,,,,,,,,,,,,,,,,,,,,,,,,,,,,,,,,,,,,,,,,,,,,,,,,,
,,,,,,,,,,,,,,,,,,,,,,,,,,,,,,,,,,,,,,,,,,,,,,,,,,,,,
,,,,,,,,,,,,,,,,,,,,,,,,,,,,,,,,,,,,,,,,,,,,,,,,,,,,,
,,,,,,,,,,,,,,,,,,,,,,,,,,,,,,,,,,,,,,,,,,,,,,,,,,,,,
,,,,,,,,,,,,,,,,,,,,,,,,,,,,,,,,,,,,,,,,,,,,,,,,,,,,,
,,,,,,,,,,,,,,,,,,,,,,,,,,,,,,,,,,,,,,,,,,,,,,,,,,,,,
,,,,,,,,,,,,,,,,,,,,,,,,,,,,,,,,,,,,,,,,,,,,,,,,,,,,,
,,,,,,,,,,,,,,,,,,,,,,,,,,,,,,,,,,,,,,,,,,,,,,,,,,,,,
,,,,,,,,,,,,,,,,,,,,,,,,,,,,,,,,,,,,,,,,,,,,,,,,,,,,,
,,,,,,,,,,,,,,,,,,,,,,,,,,,,,,,,,,,,,,,,,,,,,,,,,,,,,
,,,,,,,,,,,,,,,,,,,,,,,,,,,,,,,,,,,,,,,,,,,,,,,,,,,,,
,,,,,,,,,,,,,,,,,,,,,,,,,,,,,,,,,,,,,,,,,,,,,,,,,,,,,
,,,,,,,,,,,,,,,,,,,,,,,,,,,,,,,,,,,,,,,,,,,,,,,,,,,,,
,,,,,,,,,,,,,,,,,,,,,,,,,,,,,,,,,,,,,,,,,,,,,,,,,,,,,
,,,,,,,,,,,,,,,,,,,,,,,,,,,,,,,,,,,,,,,,,,,,,,,,,,,,,
,,,,,,,,,,,,,,,,,,,,,,,,,,,,,,,,,,,,,,,,,,,,,,,,,,,,,
,,,,,,,,,,,,,,,,,,,,,,,,,,,,,,,,,,,,,,,,,,,,,,,,,,,,,
,,,,,,,,,,,,,,,,,,,,,,,,,,,,,,,,,,,,,,,,,,,,,,,,,,,,,
,,,,,,,,,,,,,,,,,,,,,,,,,,,,,,,,,,,,,,,,,,,,,,,,,,,,,
,,,,,,,,,,,,,,,,,,,,,,,,,,,,,,,,,,,,,,,,,,,,,,,,,,,,,
,,,,,,,,,,,,,,,,,,,,,,,,,,,,,,,,,,,,,,,,,,,,,,,,,,,,,
,,,,,,,,,,,,,,,,,,,,,,,,,,,,,,,,,,,,,,,,,,,,,,,,,,,,,
,,,,,,,,,,,,,,,,,,,,,,,,,,,,,,,,,,,,,,,,,,,,,,,,,,,,,
,,,,,,,,,,,,,,,,,,,,,,,,,,,,,,,,,,,,,,,,,,,,,,,,,,,,,
,,,,,,,,,,,,,,,,,,,,,,,,,,,,,,,,,,,,,,,,,,,,,,,,,,,,,
,,,,,,,,,,,,,,,,,,,,,,,,,,,,,,,,,,,,,,,,,,,,,,,,,,,,,
,,,,,,,,,,,,,,,,,,,,,,,,,,,,,,,,,,,,,,,,,,,,,,,,,,,,,
,,,,,,,,,,,,,,,,,,,,,,,,,,,,,,,,,,,,,,,,,,,,,,,,,,,,,
,,,,,,,,,,,,,,,,,,,,,,,,,,,,,,,,,,,,,,,,,,,,,,,,,,,,,
,,,,,,,,,,,,,,,,,,,,,,,,,,,,,,,,,,,,,,,,,,,,,,,,,,,,,
,,,,,,,,,,,,,,,,,,,,,,,,,,,,,,,,,,,,,,,,,,,,,,,,,,,,,
,,,,,,,,,,,,,,,,,,,,,,,,,,,,,,,,,,,,,,,,,,,,,,,,,,,,,
,,,,,,,,,,,,,,,,,,,,,,,,,,,,,,,,,,,,,,,,,,,,,,,,,,,,,
,,,,,,,,,,,,,,,,,,,,,,,,,,,,,,,,,,,,,,,,,,,,,,,,,,,,,
,,,,,,,,,,,,,,,,,,,,,,,,,,,,,,,,,,,,,,,,,,,,,,,,,,,,,
,,,,,,,,,,,,,,,,,,,,,,,,,,,,,,,,,,,,,,,,,,,,,,,,,,,,,
,,,,,,,,,,,,,,,,,,,,,,,,,,,,,,,,,,,,,,,,,,,,,,,,,,,,,
,,,,,,,,,,,,,,,,,,,,,,,,,,,,,,,,,,,,,,,,,,,,,,,,,,,,,
,,,,,,,,,,,,,,,,,,,,,,,,,,,,,,,,,,,,,,,,,,,,,,,,,,,,,
,,,,,,,,,,,,,,,,,,,,,,,,,,,,,,,,,,,,,,,,,,,,,,,,,,,,,
,,,,,,,,,,,,,,,,,,,,,,,,,,,,,,,,,,,,,,,,,,,,,,,,,,,,,
,,,,,,,,,,,,,,,,,,,,,,,,,,,,,,,,,,,,,,,,,,,,,,,,,,,,,
,,,,,,,,,,,,,,,,,,,,,,,,,,,,,,,,,,,,,,,,,,,,,,,,,,,,,
,,,,,,,,,,,,,,,,,,,,,,,,,,,,,,,,,,,,,,,,,,,,,,,,,,,,,
,,,,,,,,,,,,,,,,,,,,,,,,,,,,,,,,,,,,,,,,,,,,,,,,,,,,,
,,,,,,,,,,,,,,,,,,,,,,,,,,,,,,,,,,,,,,,,,,,,,,,,,,,,,
,,,,,,,,,,,,,,,,,,,,,,,,,,,,,,,,,,,,,,,,,,,,,,,,,,,,,
,,,,,,,,,,,,,,,,,,,,,,,,,,,,,,,,,,,,,,,,,,,,,,,,,,,,,
,,,,,,,,,,,,,,,,,,,,,,,,,,,,,,,,,,,,,,,,,,,,,,,,,,,,,
,,,,,,,,,,,,,,,,,,,,,,,,,,,,,,,,,,,,,,,,,,,,,,,,,,,,,
,,,,,,,,,,,,,,,,,,,,,,,,,,,,,,,,,,,,,,,,,,,,,,,,,,,,,
,,,,,,,,,,,,,,,,,,,,,,,,,,,,,,,,,,,,,,,,,,,,,,,,,,,,,
,,,,,,,,,,,,,,,,,,,,,,,,,,,,,,,,,,,,,,,,,,,,,,,,,,,,,
,,,,,,,,,,,,,,,,,,,,,,,,,,,,,,,,,,,,,,,,,,,,,,,,,,,,,
,,,,,,,,,,,,,,,,,,,,,,,,,,,,,,,,,,,,,,,,,,,,,,,,,,,,,
,,,,,,,,,,,,,,,,,,,,,,,,,,,,,,,,,,,,,,,,,,,,,,,,,,,,,
,,,,,,,,,,,,,,,,,,,,,,,,,,,,,,,,,,,,,,,,,,,,,,,,,,,,,
,,,,,,,,,,,,,,,,,,,,,,,,,,,,,,,,,,,,,,,,,,,,,,,,,,,,,
,,,,,,,,,,,,,,,,,,,,,,,,,,,,,,,,,,,,,,,,,,,,,,,,,,,,,
,,,,,,,,,,,,,,,,,,,,,,,,,,,,,,,,,,,,,,,,,,,,,,,,,,,,,
,,,,,,,,,,,,,,,,,,,,,,,,,,,,,,,,,,,,,,,,,,,,,,,,,,,,,
,,,,,,,,,,,,,,,,,,,,,,,,,,,,,,,,,,,,,,,,,,,,,,,,,,,,,
,,,,,,,,,,,,,,,,,,,,,,,,,,,,,,,,,,,,,,,,,,,,,,,,,,,,,
,,,,,,,,,,,,,,,,,,,,,,,,,,,,,,,,,,,,,,,,,,,,,,,,,,,,,
,,,,,,,,,,,,,,,,,,,,,,,,,,,,,,,,,,,,,,,,,,,,,,,,,,,,,
,,,,,,,,,,,,,,,,,,,,,,,,,,,,,,,,,,,,,,,,,,,,,,,,,,,,,
,,,,,,,,,,,,,,,,,,,,,,,,,,,,,,,,,,,,,,,,,,,,,,,,,,,,,
,,,,,,,,,,,,,,,,,,,,,,,,,,,,,,,,,,,,,,,,,,,,,,,,,,,,,
,,,,,,,,,,,,,,,,,,,,,,,,,,,,,,,,,,,,,,,,,,,,,,,,,,,,,
,,,,,,,,,,,,,,,,,,,,,,,,,,,,,,,,,,,,,,,,,,,,,,,,,,,,,
,,,,,,,,,,,,,,,,,,,,,,,,,,,,,,,,,,,,,,,,,,,,,,,,,,,,,
,,,,,,,,,,,,,,,,,,,,,,,,,,,,,,,,,,,,,,,,,,,,,,,,,,,,,
,,,,,,,,,,,,,,,,,,,,,,,,,,,,,,,,,,,,,,,,,,,,,,,,,,,,,
,,,,,,,,,,,,,,,,,,,,,,,,,,,,,,,,,,,,,,,,,,,,,,,,,,,,,
,,,,,,,,,,,,,,,,,,,,,,,,,,,,,,,,,,,,,,,,,,,,,,,,,,,,,
,,,,,,,,,,,,,,,,,,,,,,,,,,,,,,,,,,,,,,,,,,,,,,,,,,,,,
,,,,,,,,,,,,,,,,,,,,,,,,,,,,,,,,,,,,,,,,,,,,,,,,,,,,,
,,,,,,,,,,,,,,,,,,,,,,,,,,,,,,,,,,,,,,,,,,,,,,,,,,,,,
,,,,,,,,,,,,,,,,,,,,,,,,,,,,,,,,,,,,,,,,,,,,,,,,,,,,,
,,,,,,,,,,,,,,,,,,,,,,,,,,,,,,,,,,,,,,,,,,,,,,,,,,,,,
,,,,,,,,,,,,,,,,,,,,,,,,,,,,,,,,,,,,,,,,,,,,,,,,,,,,,
,,,,,,,,,,,,,,,,,,,,,,,,,,,,,,,,,,,,,,,,,,,,,,,,,,,,,
,,,,,,,,,,,,,,,,,,,,,,,,,,,,,,,,,,,,,,,,,,,,,,,,,,,,,
,,,,,,,,,,,,,,,,,,,,,,,,,,,,,,,,,,,,,,,,,,,,,,,,,,,,,
,,,,,,,,,,,,,,,,,,,,,,,,,,,,,,,,,,,,,,,,,,,,,,,,,,,,,
,,,,,,,,,,,,,,,,,,,,,,,,,,,,,,,,,,,,,,,,,,,,,,,,,,,,,
,,,,,,,,,,,,,,,,,,,,,,,,,,,,,,,,,,,,,,,,,,,,,,,,,,,,,
,,,,,,,,,,,,,,,,,,,,,,,,,,,,,,,,,,,,,,,,,,,,,,,,,,,,,
,,,,,,,,,,,,,,,,,,,,,,,,,,,,,,,,,,,,,,,,,,,,,,,,,,,,,
,,,,,,,,,,,,,,,,,,,,,,,,,,,,,,,,,,,,,,,,,,,,,,,,,,,,,
,,,,,,,,,,,,,,,,,,,,,,,,,,,,,,,,,,,,,,,,,,,,,,,,,,,,,
,,,,,,,,,,,,,,,,,,,,,,,,,,,,,,,,,,,,,,,,,,,,,,,,,,,,,
,,,,,,,,,,,,,,,,,,,,,,,,,,,,,,,,,,,,,,,,,,,,,,,,,,,,,
,,,,,,,,,,,,,,,,,,,,,,,,,,,,,,,,,,,,,,,,,,,,,,,,,,,,,
,,,,,,,,,,,,,,,,,,,,,,,,,,,,,,,,,,,,,,,,,,,,,,,,,,,,,
,,,,,,,,,,,,,,,,,,,,,,,,,,,,,,,,,,,,,,,,,,,,,,,,,,,,,
,,,,,,,,,,,,,,,,,,,,,,,,,,,,,,,,,,,,,,,,,,,,,,,,,,,,,
,,,,,,,,,,,,,,,,,,,,,,,,,,,,,,,,,,,,,,,,,,,,,,,,,,,,,
,,,,,,,,,,,,,,,,,,,,,,,,,,,,,,,,,,,,,,,,,,,,,,,,,,,,,
,,,,,,,,,,,,,,,,,,,,,,,,,,,,,,,,,,,,,,,,,,,,,,,,,,,,,
,,,,,,,,,,,,,,,,,,,,,,,,,,,,,,,,,,,,,,,,,,,,,,,,,,,,,
,,,,,,,,,,,,,,,,,,,,,,,,,,,,,,,,,,,,,,,,,,,,,,,,,,,,,
,,,,,,,,,,,,,,,,,,,,,,,,,,,,,,,,,,,,,,,,,,,,,,,,,,,,,
,,,,,,,,,,,,,,,,,,,,,,,,,,,,,,,,,,,,,,,,,,,,,,,,,,,,,
,,,,,,,,,,,,,,,,,,,,,,,,,,,,,,,,,,,,,,,,,,,,,,,,,,,,,