pa_id,game_id,pa_result,base_state,score_diff,pitcher_name,pitcher_hand,pitch_count,rbi,runs_scored,exit_velocity,launch_angle,hit_distance,Bat Speed,spray_direction,batted_ball_type,hard_hit,role,pitch_velo,pitch_type
20260326_MIL_PA1,20260326_MIL,Walk,000,+1,Jacob Misiorowski,R,6,0,0,0.0,0.0,0.0,0.0,0,,FALSE,Starter,98.5,FF
20260326_MIL_PA2,20260326_MIL,Walk,100,-5,Jacob Misiorowski,R,6,0,0,0.0,0.0,0.0,0.0,0,,FALSE,Starter,86.8,CU
20260326_MIL_PA3,20260326_MIL,Groundout,000,-13,Grant Anderson,R,3,0,0,96.9,4.0,78.0,76.1,Pull,Ground Ball,TRUE,Starter,92.1,FF
20260326_MIL_PA4,20260326_MIL,Home Run,000,-13,Jake Woodford,R,3,1,1,103.0,31.0,384.0,76.3,Pull,Fly Ball,TRUE,Starter,90.5,FC
20260328_MIL_PA1,20260328_MIL,Walk,100,0,Chad Patrick,R,6,0,0,0.0,0.0,0.0,0.0,0,,FALSE,Starter,94.2,SI
20260328_MIL_PA2,20260328_MIL,Home Run,000,-4,Chad Patrick,R,1,1,1,102.9,31.0,409.0,79.6,Center,Fly Ball,TRUE,Starter,91.8,FF
20260328_MIL_PA3,20260328_MIL,Strikeout S,011,-3,Aaron Ashby,L,5,0,0,0.0,0.0,0.0,60.7,0,,FALSE,Starter,86.2,SL
20260328_MIL_PA4,20260328_MIL,Groundout,000,-5,Abner Uribe,R,3,0,0,64.9,-55.0,3.0,66.8,Center,Ground Ball,FALSE,Starter,97.0,SI
20260329_MIL_PA1,20260329_MIL,Walk,100,0,Brandon Sproat,R,7,0,1,0.0,0.0,0.0,0.0,0,,FALSE,Starter,98.5,SI
20260329_MIL_PA2,20260329_MIL,Home Run,000,+2,Brandon Sproat,R,7,1,1,102.1,38.0,375.0,75.4,Pull,Fly Ball,TRUE,Starter,93.2,FC
20260329_MIL_PA3,20260329_MIL,Strikeout L,000,+5,Grant Anderson,R,6,0,0,0.0,0.0,0.0,0.0,0,,FALSE,Starter,91.8,SI
20260329_MIL_PA4,20260329_MIL,Strikeout L,000,+5,Jared Koenig,L,4,0,0,0.0,0.0,0.0,0.0,0,,FALSE,Starter,96.8,SI
20260329_MIL_PA5,20260329_MIL,Strikeout S,100,-2,Trevor Megill,R,4,0,0,0.0,0.0,0.0,65.6,0,,FALSE,Starter,98.4,FF
20260330_MIA_PA1,20260330_MIA,Groundout,000,0,Chris Paddack,R,3,0,0,69.2,-16.0,10.0,76.5,Pull,Ground Ball,FALSE,Starter,85.4,CH
20260330_MIA_PA2,20260330_MIA,Single,100,+1,Chris Paddack,R,4,0,1,53.8,-54.0,3.0,72.3,Center,Ground Ball,FALSE,Starter,85.4,CH
20260330_MIA_PA3,20260330_MIA,Strikeout S,000,+8,Chris Paddack,R,5,0,0,0.0,0.0,0.0,76.3,0,,FALSE,Starter,84.8,CH
20260330_MIA_PA4,20260330_MIA,Flyout,000,+6,Lake Bachar,R,1,0,0,99.8,60.0,219.0,76.2,Opposite,Popup,TRUE,Starter,95.9,FF
20260330_MIA_PA5,20260330_MIA,Flyout,000,+5,Michael Petersen,R,1,0,0,86.1,30.0,297.0,69.6,Center,Fly Ball,FALSE,Starter,97.2,FF
20260331_MIA_PA1,20260331_MIA,Groundout,000,0,Janson Junk,R,5,0,0,104.9,-2.0,36.0,79.6,Pull,Ground Ball,TRUE,Starter,96.5,FF
20260331_MIA_PA2,20260331_MIA,Single,110,0,Janson Junk,R,3,1,0,106.2,-2.0,24.0,81.5,Pull,Ground Ball,TRUE,Starter,88.4,SL
20260331_MIA_PA3,20260331_MIA,Strikeout S,000,-2,Andrew Nardi,L,4,0,0,0.0,0.0,0.0,65.0,0,,FALSE,Starter,84.1,SL
20260331_MIA_PA4,20260331_MIA,Strikeout L,000,-4,Calvin Faucher,R,6,0,0,0.0,0.0,0.0,0.0,0,,FALSE,Starter,93.5,FC
20260401_MIA_PA1,20260401_MIA,Flyout,000,0,Sandy Alcantara,R,1,0,0,105.1,39.0,369.0,74.8,Center,Fly Ball,TRUE,Starter,97.2,SI
20260401_MIA_PA2,20260401_MIA,Strikeout S,100,-6,Sandy Alcantara,R,6,0,0,0.0,0.0,0.0,64.1,0,,FALSE,Starter,85.6,SL
20260401_MIA_PA3,20260401_MIA,Strikeout S,000,-8,Sandy Alcantara,R,4,0,0,0.0,0.0,0.0,75.0,0,,FALSE,Starter,92.5,CH
20260403_TOR_PA1,20260403_TOR,Single,100,0,Dylan Cease,R,3,0,0,107.5,15.0,307.0,77.4,Center,Line Drive,TRUE,Starter,98.9,FF
20260403_TOR_PA2,20260403_TOR,Strikeout S,000,0,Dylan Cease,R,6,0,0,0.0,0.0,0.0,66.4,0,,FALSE,Starter,87.9,SL
20260403_TOR_PA3,20260403_TOR,Groundout,100,+2,Dylan Cease,R,1,0,0,75.0,-9.0,10.0,71.5,Opposite,Ground Ball,FALSE,Starter,83.2,SL
20260403_TOR_PA4,20260403_TOR,Strikeout L,000,+2,Brendon Little,L,7,0,0,0.0,0.0,0.0,0.0,0,,FALSE,Starter,87.7,CU
20260403_TOR_PA5,20260403_TOR,Intentional Walk,010,0,Tyler Rogers,R,0,0,0,0.0,0.0,0.0,0.0,0,,FALSE,Starter, ,0
20260404_TOR_PA1,20260404_TOR,Sac Fly,011,0,Mason Fluharty,L,6,1,0,89.8,42.0,293.0,72.4,Center,Fly Ball,FALSE,Starter,83.4,SL
20260404_TOR_PA2,20260404_TOR,Strikeout S,010,+1 ,Lázaro Estrada,R,3,0,0,0.0,0.0,0.0,72.0,0,,FALSE,Starter,92.6,FF
20260404_TOR_PA3,20260404_TOR,Home Run,010,-1,Brendon Little,L,2,2,1,111.1,24.0,431.0,75.9,Center,Line Drive,TRUE,Starter,93.9,SI
20260404_TOR_PA4,20260404_TOR,Lineout,100,+1,Braydon Fisher,R,5,0,0,101.9,10.0,154.0,70.2,Opposite,Line Drive,TRUE,Starter,82.3,CU
20260405_TOR_PA1,20260405_TOR,Groundout,010,0,Eric Lauer,L,7,0,0,92.0,-6.0,25.0,76.6,Pull,Ground Ball,FALSE,Starter,89.0,FF
20260405_TOR_PA2,20260405_TOR,Walk,000,+1,Eric Lauer,L,7,0,1,0.0,0.0,0.0,0.0,0,,FALSE,Starter,88.3,FF
20260405_TOR_PA3,20260405_TOR,Groundout,010,+3,Austin Voth,R,4,0,0,78.6,-9.0,12.0,74.5,Pull,Ground Ball,FALSE,Starter,91.6,FF
20260405_TOR_PA4,20260405_TOR,Strikeout S,000,+3,Spencer Miles,R,4,0,0,0.0,0.0,0.0,77.3,0,,FALSE,Starter,86.8,SL
20260406_BAL_PA1,20260406_BAL,Groundout,100,0,Brandon Young,R,6,0,0,65.1,-27.0,8.0,73.1,Pull,Ground Ball,TRUE,Starter,93.9,FF
20260406_BAL_PA2,20260406_BAL,Flyout,100,0,Brandon Young,R,1,0,0,102.3,48.0,324.0,70.6,Pull,Fly Ball,TRUE,Starter,85.7,SPL
20260406_BAL_PA3,20260406_BAL,Popout,100,-2,Tyler Wells,R,1,0,0,93.8,77.0,67.0,72.9,Pull,Popup,FALSE,Starter,92.3,FF
20260406_BAL_PA4,20260406_BAL,Walk,000,-2,Ryan Helsley,R,5,0,1,0.0,0.0,0.0,0.0,0,,FALSE,Starter,98.0,FF
20260407_BAL_PA1,20260407_BAL,Strikeout S,100,-2,Ryan Helsley,R,4,0,0,0.0,0.0,0.0,70.1,0,,FALSE,PH,100.2,FF
20260408_BAL_PA1,20260408_BAL,Groundout,000,0,Kyle Bradish,R,2,0,0,81.0,9.0,100.0,71.1,Pull,Ground Ball,FALSE,Starter,93.9,FF
20260408_BAL_PA2,20260408_BAL,Single,000,0,Kyle Bradish,R,3,0,0,78.4,-45.0,3.0,72.5,Pull,Ground Ball,FALSE,Starter,93.1,SI
20260408_BAL_PA3,20260408_BAL,Walk,100,0,Kyle Bradish,R,7,0,0,0.0,0.0,0.0,0.0,0,,FALSE,Starter,86.4,SL
20260408_BAL_PA4,20260408_BAL,Strikeout S,000,-1,Grant Wolfram,L,5,0,0,0.0,0.0,0.0,70.0,0,,FALSE,Starter,95.8,SI
20260408_BAL_PA5,20260408_BAL,Strikeout S,100,-2,Rico Garcia,R,5,0,0,0.0,0.0,0.0,76.3,0,,FALSE,Starter,86.5,CH
20260409_KC_PA1,20260409_KC,Walk,000,0,Seth Lugo,R,6,0,0,0.0,0.0,0.0,0.0,0,,FALSE,Starter,92.9,SI
20260409_KC_PA2,20260409_KC,Walk,000,0,Seth Lugo,R,4,0,0,0.0,0.0,0.0,0.0,0,,FALSE,Starter,91.5,FF
20260409_KC_PA3,20260409_KC,GIDP,100,+1,Seth Lugo,R,6,0,0,101.6,8.0,136.0,76.0,Opposite,Ground Ball,TRUE,Starter,91.7,FC
20260409_KC_PA4,20260409_KC,Popout,000,+2,Eli Morgan,R,3,0,0,0.0,71.0,101.0,80.0,Pull,Popup,FALSE,Starter,92.5,FF
20260410_KC_PA1,20260410_KC,Strikeout L,100,0,Kris Bubic,L,5,0,0,0.0,0.0,0.0,0.0,0,,FALSE,Starter,84.6,SL
20260410_KC_PA2,20260410_KC,Strikeout L,000,0,Kris Bubic,L,4,0,0,0.0,0.0,0.0,0.0,0,,FALSE,Starter,86.0,SL
20260410_KC_PA3,20260410_KC,Strikeout S,010,-1,Kris Bubic,L,5,0,0,0.0,0.0,0.0,72.5,0,,FALSE,Starter,83.2,SL
20260410_KC_PA4,20260410_KC,Lineout,000,-2,Lucas Erceg,R,1,0,0,108.9,18.0,78.0,97.2,Center,Line Drive,TRUE,Starter,97.2,FF
20260411_KC_PA1,20260411_KC,Strikeout S,000,0,Michael Wacha,R,3,0,0,0.0,0.0,0.0,74.4,0,,FALSE,Starter,81.2,CH
20260411_KC_PA2,20260411_KC,Walk,000,-1,Michael Wacha,R,6,0,0,0.0,0.0,0.0,0.0,0,,FALSE,Starter,92.9,SI
20260411_KC_PA3,20260411_KC,Strikeout S,000,-1,Michael Wacha,R,3,0,0,0.0,0.0,0.0,67.4,0,,FALSE,Starter,94.6,FF
20260411_KC_PA4,20260411_KC,Groundout,000,-2,Lucas Erceg,R,4,0,0,98.4,-9.0,17.0,71.9,Pull,Ground Ball,TRUE,Starter,87.4,CH
20260412_KC_PA1,20260412_KC,Flyout,000,0,Noah Cameron,L,2,0,0,104.2,39.0,389.0,76.4,Pull,Fly Ball,TRUE,Starter,84.0,SL
20260412_KC_PA2,20260412_KC,Groundout,000,-1,Noah Cameron,L,2,0,0,78.3,-18.0,12.0,76.9,Pull,Ground Ball,FALSE,Starter,89.5,FF
20260412_KC_PA3,20260412_KC,Walk,000,-1,Noah Cameron,L,5,0,0,0.0,0.0,0.0,0.0,0,,FALSE,Starter,81.6,CH
20260412_KC_PA4,20260412_KC,Intentional Walk,011,0,John Schreiber,R,0,0,0,0.0,0.0,0.0,0.0,0,,FALSE,Starter,0.0,0
20260412_KC_PA5,20260412_KC,Strikeout L,010,+1,Alex Lange,R,6,0,0,0.0,0.0,0.0,0.0,0,,FALSE,Starter,89.6,SL
20260414_TB_PA1,20260414_TB,Walk,100,-3,Shane McClanahan,L,6,0,0,0.0,0.0,0.0,0.0,0,,FALSE,Starter,86.3,SL
20260414_TB_PA2,20260414_TB,Walk,010,-4,Shane McClanahan,L,6,0,1,0.0,0.0,0.0,0.0,0,,FALSE,Starter,97.0,FF
20260414_TB_PA3,20260414_TB,Flyout,000,-1,Shane McClanahan,L,3,0,0,96.9,24.0,322.0,72.0,Pull,Line Drive,TRUE,Starter,86.9,SL
20260414_TB_PA4,20260414_TB,Flyout,100,-5,Mason Englert,R,2,0,0,100.2,40.0,350.0,79.0,Center,Fly Ball,TRUE,Starter,85.3,CH
20260414_TB_PA5,20260414_TB,Home Run,100,-5,Yoendrys Gómez,R,2,2,1,110.8,31.0,398.0,79.8,Pull,Fly Ball,TRUE,Starter,94.1,FF
20260415_TB_PA1,20260415_TB,Walk,000,0,Cole Sulser,L,6,0,0,0.0,0.0,0.0,0.0,0,,FALSE,Starter,92.8,FF
20260415_TB_PA2,20260415_TB,Walk,000,-1,Cole Sulser,L,6,0,0,0.0,0.0,0.0,0.0,0,,FALSE,Starter,93.0,FF
20260415_TB_PA3,20260415_TB,Strikeout S,001,-3,Jesse Scholtens,R,9,0,0,0.0,0.0,0.0,65.8,0,,FALSE,Starter,93.2,FF
20260415_TB_PA4,20260415_TB,Single,000,-8,Mason Englert,R,5,0,0,105.5,16.0,273.0,69.3,Pull,Line Drive,TRUE,Starter,86.5,CH
20260416_TB_PA1,20260416_TB,Lineout,100,0,Steven Matz,L,2,0,0,111.2,19.0,372.0,76.3,Center,Line Drive,TRUE,Starter,93.4,SI
20260416_TB_PA2,20260416_TB,Strikeout S,000,+1,Steven Matz,L,3,0,0,0.0,0.0,0.0,77.3,0,,FALSE,Starter,84.2,CH
20260416_TB_PA3,20260416_TB,Strikeout S,010,0,Steven Matz,L,5,0,0,0.0,0.0,0.0,69.1,0,,FALSE,Starter,83.2,SL
20260416_TB_PA4,20260416_TB,Strikeout L,000,0,Kevin Kelly,R,5,0,0,0.0,0.0,0.0,0.0,0,,FALSE,Starter,91.3,SI
20260417_ATH_PA1,20260417_ATH,Strikeout S,010,0,Aaron Civale,R,5,0,0,0.0,0.0,0.0,73.3,0,,FALSE,Starter,78.4,CU
20260417_ATH_PA2,20260417_ATH,Single,000,+1,Aaron Civale,R,4,0,1,96.7,16.0,220.0,67.9,Opposite,Line Drive,TRUE,Starter,76.9,CU
20260417_ATH_PA3,20260417_ATH,Single,100,+3,Aaron Civale,R,2,0,0,109.5,6.0,112.0,75.5,Pull,Ground Ball,TRUE,Starter,87.2,FC
20260417_ATH_PA4,20260417_ATH,Strikeout S,010,+4,Elvis Alvarado,R,4,0,0,0.0,0.0,0.0,76.8,0,,FALSE,Starter,98.7,FF
20260417_ATH_PA5,20260417_ATH,Home Run,111,+4,Elvis Alvarado,R,6,4,1,114.1,33.0,431.0,75.3,Center,Fly Ball,TRUE,Starter,98.2,FF
20260418_ATH_PA1,20260418_ATH,Walk,000,0,Luis Severino,R,7,0,0,0.0,0.0,0.0,0.0,0,,FALSE,Starter,86.2,SL
20260418_ATH_PA2,20260418_ATH,Strikeout S,000,+5,Luis Severino,R,3,0,0,0.0,0.0,0.0,78.1,0,,FALSE,Starter,83.0,SL
20260418_ATH_PA3,20260418_ATH,Walk,000,+3,Luis Severino,R,10,0,0,0.0,0.0,0.0,0.0,0,,FALSE,Starter,96.7,FF
20260418_ATH_PA4,20260418_ATH,Home Run,000,+1,Hogan Harris,L,5,1,1,103.9,31.0,415.0,72.8,Center,Fly Ball,TRUE,Starter,73.4,CU
20260418_ATH_PA5,20260418_ATH,Walk,000,0,Mark Leiter Jr.,R,4,0,0,0.0,0.0,0.0,0.0,0,,FALSE,Starter,92.1,FF
20260419_ATH_PA1,20260419_ATH,Strikeout S,110,0,Jeffrey Springs,L,4,0,0,0.0,0.0,0.0,44.9,0,,FALSE,Starter,84.1,SL
20260419_ATH_PA2,20260419_ATH,Popout,000,+4,Jeffrey Springs,L,2,0,0,89.0,83.0,21.0,74.1,Center,Popup,FALSE,Starter,77.2,SL
20260419_ATH_PA3,20260419_ATH,Home Run,100,+3,Jeffrey Springs,L,3,2,1,114.1,35.0,425.0,79.3,Pull,Fly Ball,TRUE,Starter,83.1,SL
20260419_ATH_PA4,20260419_ATH,Groundout,100,+6,Mason Barnett,R,5,0,0,82.5,-27.0,5.0,75.4,Pull,Ground Ball,FALSE,Starter,91.2,SL
20260419_ATH_PA5,20260419_ATH,Strikeout S,000,+3,Scott Barlow,R,5,0,0,0.0,0.0,0.0,67.0,0,,FALSE,Starter,78.5,SL
20260421_ARI_PA1,20260421_ARI,Single,100,0,Merrill Kelly,R,6,0,1,100.1,-7.0,18.0,71.9,Opposite,Ground Ball,TRUE,Starter,88.8,CH
20260421_ARI_PA2,20260421_ARI,Home Run,000,+4,Merrill Kelly,R,4,1,1,113.0,30.0,426.0,80.2,Pull,Fly Ball,TRUE,Starter,89.3,CH
20260421_ARI_PA3,20260421_ARI,Walk,100,+7,Merrill Kelly,R,6,0,0,0.0,0.0,0.0,0.0,0,,FALSE,Starter,88.6,CH
20260421_ARI_PA4,20260421_ARI,Single,000,+6,Taylor Clarke,R,4,0,0,106.2,4.0,82.0,73.1,Opposite,Ground Ball,TRUE,Starter,87.8,SL
20260421_ARI_PA5,20260421_ARI,Flyout,000,+6,Kevin Ginkel,R,6,0,0,85.2,43.0,308.0,77.9,Pull,Fly Ball,FALSE,Starter,84.7,SL
20260421_ARI_PA6,20260421_ARI,Flyout,001,+9,James McCann,R,4,0,0,98.9,37.0,394.0,75.7,Center,Fly Ball,TRUE,Starter,55.2,CU
20260422_ARI_PA1,20260422_ARI,Strikeout L,101,0,Eduardo Rodriguez,L,8,0,0,0.0,0.0,0.0,0.0,0,,FALSE,Starter,85.6,CH
20260422_ARI_PA2,20260422_ARI,Flyout,000,-1,Eduardo Rodriguez,L,8,0,0,97.2,35.0,370.0,70.3,Opposite,Fly Ball,TRUE,Starter,86.3,CH
20260422_ARI_PA3,20260422_ARI,Single,000,-4,Eduardo Rodriguez,L,6,0,0,108.7,14.0,252.0,0.0,Center,Line Drive,TRUE,Starter,81.3,CU
20260422_ARI_PA4,20260422_ARI,Home Run,100,-5,Ryan Thompson,R,1,1,1,110.2,29.0,451.0,76.7,Center,Fly Ball,TRUE,Starter,90.8,FF
20260422_ARI_PA5,20260422_ARI,Single,000,-4,Paul Sewald,R,3,0,0,101.0,-3.0,40.0,68.0,Pull,Ground Ball,TRUE,Starter,91.1,FF
20260423_ARI_PA1,20260423_ARI,Strikeout S,000,0,Michael Soroka,R,5,0,0,0.0,0.0,0.0,74.1,0,,FALSE,Starter,82.9,CU
20260423_ARI_PA2,20260423_ARI,Single,100,-1,Michael Soroka,R,4,0,0,93.6,3.0,180.0,75.4,Pull,Ground Ball,FALSE,Starter,94.0,FF
20260423_ARI_PA3,20260423_ARI,Strikeout S,000,0,Michael Soroka,R,6,0,0,0.0,0.0,0.0,59.5,0,,FALSE,Starter,94.8,FF
20260423_ARI_PA4,20260423_ARI,Strikeout S,000,0,Juan Morillo,R,4,0,0,0.0,0.0,0.0,75.1,0,,FALSE,Starter,99.5,FF
20260423_ARI_PA5,20260423_ARI,Flyout,000,+3,Paul Sewald,R,3,0,0,80.0,31.0,278.0,78.0,Pull,Fly Ball,FALSE,Starter,92.3,FF
20260424_WSH_PA1,20260424_WSH,Strikeout S,001,0,PJ Poulin,L,6,0,0,0.0,0.0,0.0,75.5,0,,FALSE,Starter,90.7,FF
20260424_WSH_PA2,20260424_WSH,Home Run,000,-1,Miles Mikolas,R,4,1,1,104.0,33.0,415.0,70.2,Center,Fly Ball,TRUE,Starter,88.0,CH
20260424_WSH_PA3,20260424_WSH,Intentional Walk,010,-2,Richard Lovelady,L,3,0,0,0.0,0.0,0.0,0.0,0,,FALSE,Starter,0.0,0
20260424_WSH_PA4,20260424_WSH,Flyout,010,+1,Riley Cornelio,R,2,0,0,108.1,56.0,291.0,75.4,Center,Popup,TRUE,Starter,98.0,FF
20260425_WSH_PA1,20260425_WSH,Groundout,000,0,Jake Irvin,R,4,0,0,97.9,-3.0,50.0,73.2,Pull,Ground Ball,TRUE,Starter,77.9,CU
20260425_WSH_PA2,20260425_WSH,Strikeout L,000,0,Jake Irvin,R,3,0,0,0.0,0.0,0.0,0.0,0,,FALSE,Starter,92.9,FF
20260425_WSH_PA3,20260425_WSH,Strikeout S,010,-2,Jake Irvin,R,4,0,0,0.0,0.0,0.0,79.3,0,,FALSE,Starter,78.4,CU
20260425_WSH_PA4,20260425_WSH,Strikeout S,110,-2,Mitchell Parker,L,3,0,0,0.0,0.0,0.0,72.9,0,,FALSE,Starter,84.3,SL
20260425_WSH_PA5,20260425_WSH,Groundout,100,0,Cionel Pérez,L,1,0,0,76.3,-36.0,4.0,73.8,Pull,Ground Ball,FALSE,Starter,95.8,SI
20260426_WSH_PA1,20260426_WSH,Strikeout S,010,0,Foster Griffin,L,4,0,0,0.0,0.0,0.0,70.1,0,,FALSE,Starter,80.7,SL
20260426_WSH_PA2,20260426_WSH,Strikeout S,000,0,Foster Griffin,L,6,0,0,0.0,0.0,0.0,78.6,0,,FALSE,Starter,81.4,SL
20260426_WSH_PA3,20260426_WSH,Lineout,100,0,Foster Griffin,L,5,0,0,61.4,25.0,164.0,65.5,Opposite,Line Drive,FALSE,Starter,80.9,SPL
20260426_WSH_PA4,20260426_WSH,Groundout,000,0,Richard Lovelady,L,2,0,0,71.6,-14.0,8.0,76.9,Pull,Ground Ball,FALSE,Starter,80.8,SL
20260427_LAA_PA1,20260427_LAA,Single,000,-1,Jack Kochanowicz,R,2,0,0,85.8,17.0,195.0,72.7,Pull,Line Drive,FALSE,Starter,95.7,FF
20260427_LAA_PA2,20260427_LAA,Flyout,000,-3,Jack Kochanowicz,R,3,0,0,103.6,47.0,318.0,76.5,Center,Fly Ball,TRUE,Starter,95.6,FF
20260427_LAA_PA3,20260427_LAA,Groundout,100,-3,Jack Kochanowicz,R,2,0,0,85.6,-17.0,307.0,69.7,Pull,Ground Ball,FALSE,Starter,95.9,FF
20260427_LAA_PA4,20260427_LAA,Home Run,011,+2,Drew Pomeranz,L,5,3,1,95.8,48.0,382.0,79.8,Pull,Fly Ball,TRUE,Starter,92.9,FF
20260428_LAA_PA1,20260428_LAA,Strikeout S,000,0,Jose Soriano,R,5,0,0,0.0,0.0,0.0,73.5,0,,FALSE,Starter,92.6,SPL
20260428_LAA_PA2,20260428_LAA,Strikeout L,110,+1,Jose Soriano,R,5,0,0,0.0,0.0,0.0,0.0,0,,FALSE,Starter,98.8,FF
20260428_LAA_PA3,20260428_LAA,Strikeout S,000,+2,Jose Soriano,R,6,0,0,0.0,0.0,0.0,76.7,0,,FALSE,Starter,92.2,SPL
20260428_LAA_PA4,20260428_LAA,Single,100,+3,Joey Lucchesi,L,5,0,0,106.6,4.0,100.0,74.0,Opposite,Ground Ball,TRUE,Starter,93.1,FF
20260428_LAA_PA5,20260428_LAA,Strikeout S,100,+3,José Fermin,R,6,0,0,0.0,0.0,0.0,74.8,0,,FALSE,Starter,91.5,SL
20260429_LAA_PA1,20260429_LAA,Flyout,100,0,Yusei Kikuchi,L,5,0,0,105.8,55.0,246.0,79.4,Opposite,Popup,TRUE,Starter,95.6,FF
20260429_LAA_PA2,20260429_LAA,Walk,100,+1,Mitch Farris,L,5,0,0,0.0,0.0,0.0,0.0,0,,FALSE,Starter,90.1,FF
20260429_LAA_PA3,20260429_LAA,Walk,000,0,Mitch Farris,L,6,0,0,0.0,0.0,0.0,0.0,0,,FALSE,Starter,89.1,FC
20260429_LAA_PA4,20260429_LAA,Strikeout S,000,-1,Ryan Zeferjahn,R,6,0,0,0.0,0.0,0.0,78.9,0,,FALSE,Starter,85.3,SL
20260429_LAA_PA5,20260429_LAA,Walk,110,0,Drew Pomeranz,L,4,0,0,0.0,0.0,0.0,0.0,0,,FALSE,Starter,92.6,FF
20260501_SD_PA1,20260501_SD,Walk,000,0,Germán Márquez,R,5,0,0,0.0,0.0,0.0,0.0,0,,FALSE,Starter,94.6,FF
20260501_SD_PA2,20260501_SD,Home Run,101,+3,Germán Márquez,R,7,3,1,111.1,26.0,413.0,79.0,Pull,Fly Ball,TRUE,Starter,85.3,CU
20260501_SD_PA3,20260501_SD,Flyout,000,+6,Germán Márquez,R,2,0,0,104.3,58.0,244.0,79.3,Opposite,Popup,TRUE,Starter,93.1,FF
20260501_SD_PA4,20260501_SD,Walk,000,+7,Wandy Peralta,L,6,0,0,0.0,0.0,0.0,34.4,0,,FALSE,Starter,91.0,SL
20260501_SD_PA5,20260501_SD,Flyout,000,+6,Ron Marinaccio,R,4,0,0,99.0,30.0,382.0,73.7,Center,Fly Ball,TRUE,Starter,93.0,FF
20260502_SD_PA1,20260502_SD,Groundout,000,0,Michael King,R,6,0,0,81.1,-29.0,7.0,77.1,Pull,Ground Ball,FALSE,Starter,95.4,FF
20260502_SD_PA2,20260502_SD,Strikeout S,000,0,Michael King,R,4,0,0,0.0,0.0,0.0,73.7,0,,FALSE,Starter,94.7,FF
20260502_SD_PA3,20260502_SD,Groundout,110,0,Michael King,R,6,0,0,74.5,-50.0,2.0,70.2,Pull,Ground Ball,FALSE,Starter,87.2,CH
20260502_SD_PA4,20260502_SD,Strikeout L,000,0,Kyle Hart,L,5,0,0,0.0,0.0,0.0,0.0,0,,FALSE,Starter,85.6,SPL
20260503_SD_PA1,20260503_SD,Flyout,100,0,Griffin Canning,R,5,0,0,101.4,55.0,242.0,73.3,Opposite,Popup,TRUE,Starter,96.2,FF
20260503_SD_PA2,20260503_SD,Flyout,000,+1,Griffin Canning,R,2,0,0,95.0,25.0,332.0,74.0,Center,Line Drive,TRUE,Starter,94.6,FF
20260503_SD_PA3,20260503_SD,Strikeout L,000,-2,Adrián Morejón,L,5,0,0,0.0,0.0,0.0,0.0,0,,FALSE,Starter,89.8,SL
20260503_SD_PA4,20260503_SD,Strikeout L,000,0,Jason Adam,R,5,0,0,0.0,0.0,0.0,0.0,0,,FALSE,Starter,85.3,SL
20260504_LAA_PA1,20260504_LAA,Walk,100,0,José Soriano,R,4,0,0,0.0,0.0,0.0,0.0,0,,FALSE,Starter,98.3,SI
20260504_LAA_PA2,20260504_LAA,Groundout,110,+2,José Soriano,R,2,0,0,83.4,-6.0,25.0,69.0,Pull,Ground Ball,FALSE,Starter,98.3,FF
20260504_LAA_PA3,20260504_LAA,Home Run,100,+2,José Soriano,R,5,2,1,109.0,32.0,429.0,74.7,Center,Fly Ball,TRUE,Starter,98.1,FF
20260504_LAA_PA4,20260504_LAA,Double,000,+5,Mitch Farris,L,1,0,0,94.3,14.0,179.0,82.0,Pull,Line Drive,FALSE,Starter,89.6,FF
20260504_LAA_PA5,20260504_LAA,Single,000,+5,Mitch Farris,L,4,0,1,101.2,-4.0,18.0,73.0,Center,Ground Ball,TRUE,Starter,78.6,CH
20260505_LAA_PA1,20260505_LAA,Single,100,-2,Drew Pomeranz,L,5,0,0,100.4,2.0,62.0,74.5,Opposite,Ground Ball,TRUE,PH,84.9,CU
20260505_LAA_PA2,20260505_LAA,Strikeout S,100,-1,Ryan Zeferjahn,R,3,0,0,0.0,0.0,0.0,69.0,0,,FALSE,PH stayed in game,84.9,SL
20260506_LAA_PA1,20260506_LAA,Strikeout S,000,0,Walbert Ureña,R,5,0,0,0.0,0.0,0.0,76.9,0,,FALSE,Starter,92.1,CH
20260506_LAA_PA2,20260506_LAA,Strikeout S,000,-4,Walbert Ureña,R,4,0,0,0.0,0.0,0.0,64.6,0,,FALSE,Starter,96.5,FF
20260506_LAA_PA3,20260506_LAA,Strikeout S,000,-6,Walbert Ureña,R,5,0,0,0.0,0.0,0.0,75.3,0,,FALSE,Starter,91.4,CH
20260506_LAA_PA4,20260506_LAA,Strikeout L,111,-5,Drew Pomeranz,L,6,0,0,0.0,0.0,0.0,0.0,0,,FALSE,Starter,83.7,CU
20260508_SEA_PA1,20260508_SEA,Home Run,000,0,Emerson Hancock,R,2,1,1,106.2,32.0,380.0,70.5,Opposite,Fly Ball,TRUE,Starter,95.4,SI
20260508_SEA_PA2,20260508_SEA,Walk,100,-3,Emerson Hancock,R,7,0,0,0.0,0.0,0.0,0.0,0,,FALSE,Starter,95.2,FF
20260508_SEA_PA3,20260508_SEA,Strikeout S,000,-1,Emerson Hancock,R,4,0,0,0.0,0.0,0.0,65.9,0,,FALSE,Starter,75.6,SL
20260508_SEA_PA4,20260508_SEA,Groundout,000,-4,Eduard Bazardo,R,7,0,0,92.7,-14.0,9.0,77.0,Pull,Ground Ball,FALSE,Starter,82.8,SL
20260508_SEA_PA5,20260508_SEA,Strikeout S,000,-4,Joshua Simpson,L,6,0,0,0.0,0.0,0.0,72.6,0,,FALSE,Starter,92.7,SI
20260509_SEA_PA1,20260509_SEA,Flyout,010,0,Luis Castillo,R,5,0,0,105.8,54.0,292.0,71.2,Pull,Popup,TRUE,Starter,94.3,FF
20260509_SEA_PA2,20260509_SEA,Strikeout S,100,+2,Luis Castillo,R,3,0,0,0.0,0.0,0.0,75.8,0,,FALSE,Starter,81.9,SL
20260509_SEA_PA3,20260509_SEA,Flyout,000,+3,Josh Simpson,L,2,0,0,91.7,35.0,3348.0,71.0,Pull,Fly Ball,FALSE,Starter,81.8,SL
20260509_SEA_PA4,20260509_SEA,Strikeout S,010,+4,José Suarez,L,6,0,0,0.0,0.0,0.0,74.7,0,,FALSE,Starter,92.1,FF
20260510_SEA_PA1,20260510_SEA,Strikeout S,000,-1,Logan Gilbert,R,4,0,0,0.0,0.0,0.0,76.7,0,,FALSE,Starter,87.1,SL
20260510_SEA_PA2,20260510_SEA,Groundout,000,-1,Logan Gilbert,R,5,0,0,104.7,-119.0,6.0,75.8,Pull,Ground Ball,TRUE,Starter,85.0,SL
20260510_SEA_PA3,20260510_SEA,Single,000,-1,José A. Ferrer,L,3,0,0,95.8,18.0,246.0,0.0,Center,Line Drive,TRUE,Starter,86.5,CH
20260510_SEA_PA4,20260510_SEA,Intentional Walk,001,0,Eduard Bazardo,R,0,0,0,0.0,0.0,0.0,0.0,0,,FALSE,Starter,0.0,0
20260512_KC_PA1,20260512_KC,Strikeout S,100,-2,Stephen Kolek,R,6,0,0,0.0,0.0,0.0,56.6,0,,FALSE,Starter,86.5,CH
20260512_KC_PA2,20260512_KC,Walk,100,-2,Stephen Kolek,R,6,0,0,0.0,0.0,0.0,0.0,0,,FALSE,Starter,95.0,SI
20260512_KC_PA3,20260512_KC,Strikeout L,010,-1,Stephen Kolek,R,5,0,0,0.0,0.0,0.0,0.0,0,,FALSE,Starter,90.4,FC
20260512_KC_PA4,20260512_KC,Strikeout S,000,0,Daniel Lynch IV,L,5,0,0,0.0,0.0,0.0,69.9,0,,FALSE,Starter,86.8,SL
20260513_KC_PA1,20260513_KC,Single,000,0,Seth Lugo,R,7,0,0,93.3,5.0,71.0,77.0,Center,Ground Ball,FALSE,Starter,90.5,FC
20260513_KC_PA2,20260513_KC,Flyout,100,+2,Seth Lugo,R,4,0,0,98.3,42.0,302.0,73.6,Opposite,Fly Ball,TRUE,Starter,76.8,CU
20260513_KC_PA3,20260513_KC,Flyout,010,0,Seth Lugo,R,8,0,0,101.6,35.0,379.0,75.1,Center,Fly Ball,TRUE,Starter,75.9,CU
20260513_KC_PA4,20260513_KC,Walk,010,+2,Steven Cruz,R,6,0,0,0.0,0.0,0.0,0.0,0,,FALSE,Starter,88.9,SL
20260513_KC_PA5,20260513_KC,Flyout,000,+3,Alex Lange,R,4,0,0,107.3,43.0,335.0,82.2,Pull,Fly Ball,TRUE,Starter,86.7,SL
20260514_KC_PA1,20260514_KC,Walk,000,-1,Kris Bubic,L,8,0,1,0.0,0.0,0.0,0.0,0,,FALSE,Starter,92.4,FF
20260514_KC_PA2,20260514_KC,Walk,110,+1,Kris Bubic,L,6,0,0,0.0,0.0,0.0,0.0,0,,FALSE,Starter,82.6,SL
20260514_KC_PA3,20260514_KC,Walk,000,+4,Luinder Avila,R,5,0,0,0.0,0.0,0.0,0.0,0,,FALSE,Starter,97.5,FF
20260514_KC_PA4,20260514_KC,Groundout,000,+3,Alex Lange,R,4,0,0,93.8,-17.0,8.0,74.5,Pull,Ground Ball,FALSE,Starter,90.6,FC
20260515_CHC_PA1,20260515_CHC,Strikeout S,000,-1,Edward Cabrera,R,3,0,0,0.0,0.0,0.0,77.1,0,,FALSE,Starter,90.9,SL
20260515_CHC_PA2,20260515_CHC,Single,000,-1,Edward Cabrera,R,6,0,0,86.6,18.0,233.0,71.1,Opposite,Line Drive,FALSE,Starter,93.4,CH
20260515_CHC_PA3,20260515_CHC,Groundout,110,-1,Ryan Rolison,L,3,0,0,55.1,-67.0,3.0,74.9,Center,Ground Ball,FALSE,Starter,87.8,SL
20260515_CHC_PA4,20260515_CHC,Groundout,000,-2,Trent Thornton,R,2,0,0,86.3,8.0,111.0,0.0,Pull,Ground Ball,FALSE,Starter,92.1,FC
20260516_CHC_PA1,20260516_CHC,Walk,100,0,Jameson Taillon,R,5,0,1,0.0,0.0,0.0,0.0,0,,FALSE,Starter,93.1,SI
20260516_CHC_PA2,20260516_CHC,Home Run,000,+3,Jameson Taillon,R,3,1,1,105.0,37.0,391.0,75.9,Center,Fly Ball,TRUE,Starter,83.9,CH
20260516_CHC_PA3,20260516_CHC,Home Run,100,+5,Jameson Taillon,R,2,2,1,109.0,36.0,428.0,78.0,Center,Fly Ball,TRUE,Starter,92.3,FF
20260516_CHC_PA4,20260516_CHC,Strikeout S,000,+7,Ethan Roberts,R,6,0,0,0.0,0.0,0.0,54.8,0,,FALSE,Starter,92.8,FC
20260517_CHC_PA1,20260517_CHC,Groundout,000,-3,Colin Rea,R,6,0,0,86.7,-4.0,19.0,73.9,Opposite,Ground Ball,FALSE,Starter,85.0,SL
20260517_CHC_PA2,20260517_CHC,Strikeout L,000,-2,Colin Rea,R,4,0,0,0.0,0.0,0.0,0.0,0,,FALSE,Starter,94.1,FF
20260517_CHC_PA3,20260517_CHC,Groundout,110,-2,Colin Rea,R,5,0,1,89.3,-4.0,25.0,73.3,Pull,Ground Ball,FALSE,Starter,95.1,FF
20260517_CHC_PA4,20260517_CHC,Flyout,100,0,Hoby Milner,L,4,0,0,83.1,33.0,301.0,71.8,Center,Fly Ball,FALSE,Starter,78.2,SL
20260517_CHC_PA5,20260517_CHC,Double,000,0,Daniel Palencia,R,3,0,0,89.8,27.0,317.0,77.6,Pull,Fly Ball,FALSE,Starter,98.3,FF
20260518_SEA_PA1,20260518_SEA,Walk,100,0,Bryan Woo,R,6,0,0,0.0,0.0,0.0,0.0,0,,FALSE,Starter,95.7,FF
20260518_SEA_PA2,20260518_SEA,Single,100,-1,Bryan Woo,R,5,0,0,93.8,2.0,52.0,79.3,Pull,Ground Ball,FALSE,Starter,87.5,SL
20260518_SEA_PA3,20260518_SEA,Groundout,000,-2,Bryan Woo,R,6,0,0,87.6,-4.0,21.0,75.6,Center,Ground Ball,FALSE,Starter,84.7,SL
20260518_SEA_PA4,20260518_SEA,Single,000,-2,José A. Ferrer,L,4,0,0,96.7,-19.0,5.0,74.2,Opposite,Ground Ball,TRUE,Starter,96.5,SI
20260519_SEA_PA1,20260519_SEA,Strikeout S,000,0,Bryce Miller,R,5,0,0,0.0,0.0,0.0,70.7,0,,FALSE,Starter,98.0,FF
20260519_SEA_PA2,20260519_SEA,Walk,000,-1,Bryce Miller,R,6,0,0,0.0,0.0,0.0,0.0,0,,FALSE,Starter,96.7,FF
20260519_SEA_PA3,20260519_SEA,Strikeout S,010,-1,José A. Ferrer,L,4,0,0,0.0,0.0,0.0,65.8,0,,FALSE,Starter,86.5,SL
20260519_SEA_PA4,20260519_SEA,Walk,000,-1,Luis Castillo,R,5,0,0,0.0,0.0,0.0,0.0,0,,FALSE,Starter,95.7,FF
20260520_SEA_PA1,20260520_SEA,Groundout,000,0,Emerson Hancock,R,5,0,0,43.3,-70.0,2.0,76.2,Center,Ground Ball,FALSE,Starter,76.7,SL
20260520_SEA_PA2,20260520_SEA,Flyout,100,-1,Emerson Hancock,R,1,0,0,96.7,46.0,300.0,75.7,Opposite,Fly Ball,TRUE,Starter,85.0,FC
20260520_SEA_PA3,20260520_SEA,Single,110,-1,Emerson Hancock,R,3,1,0,88.6,8.0,105.0,80.6,Pull,Ground Ball,FALSE,Starter,76.2,SL
20260520_SEA_PA4,20260520_SEA,Single,000,0,Matt Brash,R,6,0,0,103.9,-5.0,19.0,71.5,Center,Ground Ball,TRUE,Starter,89.1,SL
20260520_SEA_PA5,20260520_SEA,Strikeout L,000,-1,José A. Ferrer,L,7,0,0,0.0,0.0,0.0,0.0,0,,FALSE,Starter,98.5,SI
20260522_SF_PA1,20260522_SF,Strikeout S,000,0,Trevor McDonald,R,7,0,0,0.0,0.0,0.0,73.2,0,,FALSE,Starter,94.0,SI
20260522_SF_PA2,20260522_SF,Hit By Pitch,100,0,Trevor McDonald,R,3,0,1,0.0,0.0,0.0,0.0,0,,FALSE,Starter,86.1,SL
20260522_SF_PA3,20260522_SF,Double,111,+5,Ryan Borucki,L,3,3,1,95.1,19.0,290.0,60.2,Opposite,Line Drive,TRUE,Starter,85.9,SI
20260522_SF_PA4,20260522_SF,Strikeout L,000,+6,Erik Miller,L,5,0,0,0.0,0.0,0.0,0.0,0,,FALSE,Starter,97.8,SI
20260522_SF_PA5,20260522_SF,Walk,010,+5,JT Brubaker,R,7,0,0,0.0,0.0,0.0,0.0,0,,FALSE,Starter,81.7,CU
20260523_SF_PA1,20260523_SF,Groundout,000,0,Adrian Houser,R,7,0,0,101.1,-19.0,7.0,70.7,Center,Ground Ball,TRUE,Starter,95.6,SI
20260523_SF_PA2,20260523_SF,Groundout,000,0,Adrian Houser,R,1,0,0,50.1,-57.0,4.0,73.9,Center,Ground Ball,FALSE,Starter,84.3,CH
20260523_SF_PA3,20260523_SF,Strikeout S,100,-1,Adrian Houser,R,6,0,0,0.0,0.0,0.0,45.7,0,,FALSE,Starter,95.1,FF
20260523_SF_PA4,20260523_SF,Strikeout L,100,-6,Sam Hentges,L,3,0,0,0.0,0.0,0.0,0.0,0,,FALSE,Starter,93.2,SI
20260524_SF_PA1,20260524_SF,Strikeout S,000,+1,Robbie Ray,L,6,0,0,0.0,0.0,0.0,67.6,0,,FALSE,Starter,93.3,FF
20260524_SF_PA2,20260524_SF,Flyout,000,-1,Robbie Ray,L,1,0,0,91.6,62.0,190.0,76.2,Opposite,Popup,FALSE,Starter,86.7,SL
20260524_SF_PA3,20260524_SF,Walk,000,-2,Robbie Ray,L,6,0,1,0.0,0.0,0.0,0.0,0,,FALSE,Starter,92.8,FF
20260524_SF_PA4,20260524_SF,Groundout,000,-4,Keaton Winn,R,1,0,0,62.4,-30.0,5.0,76.0,Pull,Ground Ball,FALSE,Starter,95.5,SI
20260524_SF_PA5,20260524_SF,Strikeout S,000,-3,Caleb Kilian,R,6,0,0,0.0,0.0,0.0,78.1,0,,FALSE,Starter,90.1,SL
20260525_MIN_PA1,20260525_MIN,Home Run,000,-1,Zebby Matthews,R,1,1,1,105.7,41.0,375.0,80.8,Pull,Fly Ball,TRUE,Starter,97.5,FF
20260525_MIN_PA2,20260525_MIN,Strikeout S,010,+2,Zebby Matthews,R,5,0,0,0.0,0.0,0.0,81.2,0,,FALSE,Starter,87.7,SL
20260525_MIN_PA3,20260525_MIN,Groundout,000,+2,Zebby Matthews,R,5,0,0,91.7,-10.0,12.0,74.3,Pull,Ground Ball,FALSE,Starter,86.1,SL
20260525_MIN_PA4,20260525_MIN,Flyout,000,+2,Simeon Woods Richardson,R,6,0,0,100.1,49.0,296.0,66.0,Opposite,Fly Ball,TRUE,Starter,86.0,SL
20260526_MIN_PA1,20260526_MIN,Strikeout S,010,0,Joe Ryan,R,6,0,0,0.0,0.0,0.0,73.9,0,,FALSE,Starter,96.5,FF
20260526_MIN_PA2,20260526_MIN,Flyout,000,-2,Joe Ryan,R,6,0,0,99.1,46.0,319.0,70.4,Opposite,Fly Ball,TRUE,Starter,95.6,FF
20260526_MIN_PA3,20260526_MIN,Groundout,000,-2,Joe Ryan,R,3,0,0,88.9,-8.0,12.0,66.7,Pull,Ground Ball,FALSE,Starter,82.1,SL
20260526_MIN_PA4,20260526_MIN,Home Run,100,-2,Joe Ryan,R,3,2,1,108.4,27.0,380.0,83.7,Pull,Fly Ball,TRUE,Starter,82.4,SL
20260526_MIN_PA5,20260526_MIN,GIDP,101,0,Taylor Rogers,L,7,0,0,80.7,7.0,82.0,72.0,Pull,Ground Ball,FALSE,Starter,76.9,SL
20260527_MIN_PA1,20260527_MIN,Strikeout S,100,-1,Connor Prielipp,L,4,0,0,0.0,0.0,0.0,76.1,0,,FALSE,Starter,86.0,SL
20260527_MIN_PA2,20260527_MIN,Flyout,110,+1,Connor Prielipp,L,5,0,0,98.1,55.0,210.0,79.1,Opposite,Popup,TRUE,Starter,82.8,CU
20260527_MIN_PA3,20260527_MIN,Walk,000,+2,Connor Prielipp,L,7,0,1,0.0,0.0,0.0,0.0,0,,FALSE,Starter,97.2,FF
20260527_MIN_PA4,20260527_MIN,Single,000,+7,Eric Orze,R,3,0,1,106.3,9.0,191.0,70.8,Opposite,Ground Ball,TRUE,Starter,87.5,SL
20260527_MIN_PA5,20260527_MIN,Home Run,000,+12,Travis Adams,R,4,1,1,108.3,24.0,432.0,75.2,Opposite,Line Drive,TRUE,Starter,93.9,FF
20260528_MIN_PA1,20260528_MIN,Strikeout S,000,0,Simeon Woods Richardson,R,4,0,0,0.0,0.0,0.0,78.8,0,,FALSE,Starter,86.3,SPL
20260528_MIN_PA2,20260528_MIN,Walk,000,+1,Simeon Woods Richardson,R,8,0,1,0.0,0.0,0.0,0.0,0,,FALSE,Starter,89.4,SPL
20260528_MIN_PA3,20260528_MIN,Double,010,+5,Andrew Morris,R,5,1,0,70.9,45.0,214.0,64.6,Opposite,Fly Ball,FALSE,Starter,81.8,SL
20260528_MIN_PA4,20260528_MIN,Walk,000,+4,Anthony Banda,L,6,0,0,0.0,0.0,0.0,0.0,0,,FALSE,Starter,85.8,SL
20260529_DET_PA1,20260529_DET,Strikeout S,010,0,Troy Melton,R,6,0,0,0.0,0.0,0.0,78.2,0,,FALSE,Starter,88.0,SL
20260529_DET_PA2,20260529_DET,Groundout,100,-2,Troy Melton,R,2,0,0,106.6,-9.0,9.0,77.5,Pull,Ground Ball,TRUE,Starter,86.1,SL
20260710_ATH_PA1,20260710_ATH,Strikeout S,000,0,Jacob Lopez,L,4,0,0,0.0,0.0,0.0,70.0,0,,FALSE,Starter,92.9,FF
20260710_ATH_PA2,20260710_ATH,Strikeout S,000,0,Aaron Civale,R,5,0,0,0.0,0.0,0.0,74.1,0,,FALSE,Starter,78.3,CU
20260710_ATH_PA3,20260710_ATH,Strikeout L,101,+3,Elvis Alvarado,R,4,0,0,0.0,0.0,0.0,0.0,0,,FALSE,Starter,100.7,FF
20260710_ATH_PA4,20260710_ATH,Double,100,+6,Justin Sterner,R,1,1,1,96.7,4.0,98.0,82.9,Pull,Ground Ball,TRUE,Starter,93.5,FF
20260710_ATH_PA5,20260710_ATH,Strikeout L,000,+11,Carlos Cortes,R,6,0,0,0.0,0.0,0.0,0.0,0,,FALSE,Starter,76.8,FF
20260711_ATH_PA1,20260711_ATH,Groundout,000,0,Gage Jump,L,5,0,0,100.3,4.0,45.0,77.0,Pull,Ground Ball,TRUE,Starter,96.3,FF
20260711_ATH_PA2,20260711_ATH,Walk,010,0,Gage Jump,L,5,0,0,0.0,0.0,0.0,0.0,0,,FALSE,Starter,97.3,FF
20260711_ATH_PA3,20260711_ATH,Flyout,000,0,Gage Jump,L,2,0,0,102.2,51.0,254.0,79.6,Center,Popup,TRUE,Starter,96.3,FF
20260711_ATH_PA4,20260711_ATH,Strikeout S,000,+1,Hogan Harris,L,3,0,0,0.0,0.0,0.0,64.2,0,,FALSE,Starter,94.5,FF
20260712_ATH_PA1,20260712_ATH,Walk,000,0,J.T. Ginn,R,6,0,1,0.0,0.0,0.0,0.0,0,,FALSE,Starter,87.6,CH
20260712_ATH_PA2,20260712_ATH,Strikeout L,100,+5,J.T. Ginn,R,3,0,0,0.0,0.0,0.0,0.0,0,,FALSE,Starter,92.3,SI
20260712_ATH_PA3,20260712_ATH,Strikeout S,000,+5,J.T. Ginn,R,4,0,0,0.0,0.0,0.0,76.4,0,,FALSE,Starter,92.6,FF
20260712_ATH_PA4,20260712_ATH,Groundout,000,+8,José Suárez,L,4,0,0,64.5,-51.0,3.0,78.1,Pull,Ground Ball,FALSE,Starter,92.9,FF
20260717_TOR_PA1,20260717_TOR,Strikeout L,000,0,Spencer Miles,R,7,0,0,0.0,0.0,0.0,0.0,0,,FALSE,Starter,82.4,CU
20260717_TOR_PA2,20260717_TOR,Groundout,000,+5,Spencer Miles,R,1,0,0,78.3,-27.0,5.0,72.1,Pull,Ground Ball,FALSE,Starter,86.8,SL
20260717_TOR_PA3,20260717_TOR,Walk,110,+3,Adam Macko,L,4,0,1,0.0,0.0,0.0,0.0,0,,FALSE,Starter,92.5,FF
20260717_TOR_PA4,20260717_TOR,Groundout,001,+5,Patrick Corbin,L,4,0,0,66.5,-2.0,27.0,87.4,Pull,Ground Ball,FALSE,Starter,81.6,SL
20260717_TOR_PA5,20260717_TOR,Single,000,+8,CJ Van Eyk,R,3,0,0,109.2,2.0,69.0,0.0,Opposite,Ground Ball,TRUE,Starter,81.9,CU
20260718_TOR_PA1,20260718_TOR,Strikeout L,000,0,Shane Bieber,R,5,0,0,0.0,0.0,0.0,0.0,0,,FALSE,Starter,92.6,FF
20260718_TOR_PA2,20260718_TOR,Double,000,0,Shane Bieber,R,4,0,0,102.0,41.0,333.0,82.4,Opposite,Fly Ball,TRUE,Starter,82.3,CU
20260718_TOR_PA3,20260718_TOR,Walk,000,-1,Shane Bieber,R,5,0,0,0.0,0.0,0.0,0.0,0,,FALSE,Starter,91.0,FF
20260718_TOR_PA4,20260718_TOR,Flyout,000,-1,Tyler Rogers,R,5,0,0,84.9,42.0,296.0,76.0,Pull,Fly Ball,FALSE,Starter,74.6,SL
20260719_TOR_PA1,20260719_TOR,Strikeout S,000,0,Trey Yesavage,R,3,0,0,0.0,0.0,0.0,50.0,0,,FALSE,Starter,84.2,SPL
20260719_TOR_PA2,20260719_TOR,Walk,000,0,Trey Yesavage,R,6,0,1,0.0,0.0,0.0,0.0,0,,FALSE,Starter,95.3,FF
20260719_TOR_PA3,20260719_TOR,Strikeout S,000,+1,Trey Yesavage,R,4,0,0,0.0,0.0,0.0,69.5,0,,FALSE,Starter,94.0,FF
20260719_TOR_PA4,20260719_TOR,Lineout,000,+3,Mason Fluharty,L,6,0,0,99.6,17.0,279.0,72.2,Opposite,Line Drive,TRUE,Starter,90.5,FC
20260720_TEX_PA1,20260720_TEX,Double,100,0,Jacob deGrom,R,1,0,0,107.5,19.0,290.0,81.6,Pull,Line Drive,TRUE,Starter,92.6,SL
20260720_TEX_PA2,20260720_TEX,Strikeout S,100,-2,Jacob deGrom,R,4,0,0,0.0,0.0,0.0,74.1,0,,FALSE,Starter,96.9,FF
20260720_TEX_PA3,20260720_TEX,Walk,100,0,Jacob deGrom,R,4,0,1,0.0,0.0,0.0,0.0,0,,FALSE,Starter,91.4,SL
20260720_TEX_PA4,20260720_TEX,Flyout,000,+3,Ben Peoples,R,3,0,0,81.3,53.0,233.0,76.0,Opposite,Popup,FALSE,Starter,95.8,FF
20260720_TEX_PA5,20260720_TEX,Intentional Walk,010,+2,Jose Corniell,R,0,0,1,0.0,0.0,0.0,0.0,0,,FALSE,Starter,0.0,0
20260721_TEX_PA1,20260721_TEX,Walk,000,0,Kumar Rocker,R,6,0,0,98.3,-7.0,18.0,71.6,0,Ground Ball,TRUE,Starter,90.2,SL
20260721_TEX_PA2,20260721_TEX,Single,000,-3,Kumar Rocker,R,1,0,0,75.4,23.0,216.0,74.3,Pull,Line Drive,FALSE,Starter,90.1,FC
20260721_TEX_PA3,20260721_TEX,Flyout,100,-9,Kumar Rocker,R,3,0,0,100.0,36.0,400.0,77.0,Center,Fly Ball,TRUE,Starter,93.3,FF
20260721_TEX_PA4,20260721_TEX,Flyout,100,-10,Marco Gonzales,L,1,0,0,91.1,26.0,327.0,71.6,Center,Fly Ball,FALSE,Starter,80.2,CU
20260722_TEX_PA1,20260722_TEX,Strikeout S,000,0,Tyler Alexander,L,5,0,0,0.0,0.0,0.0,74.9,0,,FALSE,Starter,92.9,FF
20260722_TEX_PA2,20260722_TEX,Walk,000,0,Cal Quantrill,R,7,0,1,0.0,0.0,0.0,0.0,0,,FALSE,Starter,94.3,FF
20260722_TEX_PA3,20260722_TEX,Strikeout S,000,+1,Cal Quantrill,R,4,0,0,0.0,0.0,0.0,70.3,0,,FALSE,Starter,79.0,CU
20260722_TEX_PA4,20260722_TEX,Strikeout S,000,+2,Robby Ahlstrom,L,4,0,0,0.0,0.0,0.0,75.4,0,,FALSE,Starter,94.6,FF
20260724_HOU_PA1,20260724_HOU,Walk,010,0,Spencer Arrighetti,R,6,0,1,0.0,0.0,0.0,0.0,0,,FALSE,Starter,77.6,CU
20260724_HOU_PA2,20260724_HOU,Popout,000,+3,AJ Blubaugh,R,7,0,0,0.0,79.0,54.0,78.2,Opposite,Popup,FALSE,Starter,97.0,FF
20260724_HOU_PA3,20260724_HOU,Strikeout L,110,+3,Kai-Wei Teng,R,5,0,0,0.0,0.0,0.0,0.0,0,,FALSE,Starter,93.0,FF
20260724_HOU_PA4,20260724_HOU,Double,000,-3,Bennett Sousa,L,3,0,0,103.6,21.0,350.0,76.3,Pull,Line Drive,TRUE,Starter,94.9,FF
20260724_HOU_PA5,20260724_HOU,Lineout,010,-3,Steven Okert,L,5,0,0,99.7,18.0,275.0,73.1,Pull,Line Drive,TRUE,Starter,82.8,SL
20260725_HOU_PA1,20260725_HOU,Strikeout S,000,0,Hunter Brown,R,4,0,0,0.0,0.0,0.0,45.3,0,,FALSE,Starter,98.4,FF
20260725_HOU_PA2,20260725_HOU,Single,000,0,Hunter Brown,R,4,0,0,102.2,10.0,150.0,76.1,#REF!,Line Drive,TRUE,Starter,83.8,CU
20260725_HOU_PA3,20260725_HOU,Groundout,000,-3,Hunter Brown,R,5,0,0,85.8,-7.0,15.0,71.7,Pull,Ground Ball,FALSE,Starter,98.6,SI
20260725_HOU_PA4,20260725_HOU,Flyout,000,-4,Bennett Sousa,L,7,0,0,102.2,35.0,391.0,75.7,Center,Fly Ball,TRUE,Starter,86.8,SL
20260726_HOU_PA1,20260726_HOU,Home Run,100,-1,Ronel Blanco,R,6,2,1,104.1,30.0,385.0,72.4,Opposite,Fly Ball,TRUE,Starter,88.1,SL
20260726_HOU_PA2,20260726_HOU,Groundout,011,0,Ronel Blanco,R,3,1,0,96.1,-2.0,37.0,72.9,Pull,Ground Ball,TRUE,Starter,95.6,FF
20260726_HOU_PA3,20260726_HOU,Groundout,010,0,Ronel Blanco,R,3,0,0,86.3,-3.0,21.0,61.1,Pull,Ground Ball,FALSE,Starter,83.3,CH
20260726_HOU_PA4,20260726_HOU,Single,011,+5,Bryan King,L,4,2,1,97.8,2.0,68.0,72.0,Center,Ground Ball,TRUE,Starter,93.1,FF
20260726_HOU_PA5,20260726_HOU,Home Run,000,+8,Miguel Ullola,R,2,1,1,101.8,27.0,381.0,70.1,Pull,Fly Ball,TRUE,Starter,97.2,FF
20260727_NYY_PA1,20260727_NYY,Single,010,0,Max Fried,L,1,0,1,105.7,14.0,289.0,73.1,Center,Line Drive,TRUE,Starter,94.6,SI
20260727_NYY_PA2,20260727_NYY,Walk,010,+3,Max Fried,L,5,0,0,0.0,0.0,0.0,0.0,0,,FALSE,Starter,95.1,FF
20260727_NYY_PA3,20260727_NYY,Groundout,000,-1,Tim Hill,L,3,0,0,102.2,-14.0,8.0,70.5,Pull,Ground Ball,TRUE,Starter,88.5,SI
20260727_NYY_PA4,20260727_NYY,Strikeout S,000,-1,Brent Headrick,L,5,0,0,0.0,0.0,0.0,62.3,0,,FALSE,Starter,96.1,FF
20260727_NYY_PA5,20260727_NYY,Walk,100,-5,Camilo Doval,R,5,0,0,0.0,0.0,0.0,0.0,0,,FALSE,Starter,88.8,SL
20260728_NYY_PA1,20260728_NYY,Strikeout S,000,0,Gerrit Cole,R,4,0,0,0.0,0.0,0.0,71.9,0,,FALSE,Starter,97.0,FF
20260728_NYY_PA2,20260728_NYY,Double,000,-3,Gerrit Cole,R,5,0,0,106.1,12.0,176.0,79.4,Pull,Line Drive,TRUE,Starter,97.0,FF
20260728_NYY_PA3,20260728_NYY,Strikeout S,100,-3,Gerrit Cole,R,4,0,0,0.0,0.0,0.0,73.3,0,,FALSE,Starter,91.5,SL
20260728_NYY_PA4,20260728_NYY,Groundout,000,-3,Brent Headrick,L,2,0,0,58.3,-10.0,12.0,41.8,Opposite,Ground Ball,FALSE,Starter,84.5,SL
20260729_NYY_PA1,20260729_NYY,Strikeout S,000,-4,Cam Schlittler,R,5,0,0,0.0,0.0,0.0,42.6,0,,FALSE,Starter,90.2,CU
20260729_NYY_PA2,20260729_NYY,Flyout,000,-4,Cam Schlittler,R,3,0,0,102.6,47.0,304.0,77.7,Center,Fly Ball,TRUE,Starter,98.7,SI
20260729_NYY_PA3,20260729_NYY,Walk,000,-4,Cam Schlittler,R,7,0,1,0.0,0.0,0.0,0.0,0,,FALSE,Starter,89.6,CU
20260729_NYY_PA4,20260729_NYY,Home Run,000,-1,Paul Blackburn,R,1,1,1,104.6,28.0,404.0,69.2,Center,Fly Ball,TRUE,Starter,81.2,CU
20260729_NYY_PA5,20260729_NYY,Strikeout S,001,0,Tim Hill,L,6,0,0,0.0,0.0,0.0,71.0,0,,FALSE,Starter,89.5,SI
20260730_NYY_PA1,20260730_NYY,Single,000,0,Ryan Weathers,L,6,0,0,83.5,20.0,244.0,55.0,Opposite,Line Drive,FALSE,Starter,82.0,SL
20260730_NYY_PA2,20260730_NYY,Strikeout S,100,0,Ryan Weathers,L,7,0,0,0.0,0.0,0.0,71.2,0,,FALSE,Starter,95.5,FF
20260730_NYY_PA3,20260730_NYY,Flyout,100,0,Ryan Weathers,L,6,0,0,82.2,36.0,279.0,59.9,Center,Fly Ball,FALSE,Starter,86.0,CH
20260730_NYY_PA4,20260730_NYY,Strikeout L,100,0,Brent Headrick,L,5,0,0,0.0,0.0,0.0,0.0,0,,FALSE,Starter,94.9,FF
20260730_NYY_PA5,20260730_NYY,Intentional Walk,010,0,Fernando Cruz,R,0,0,0,0.0,0.0,0.0,0.0,0,,FALSE,Starter,0.0,0
20260731_TB_PA1,20260731_TB,Flyout,000,0,Nick Martinez,R,5,0,0,103.2,45.0,349.0,73.1,Center,Fly Ball,TRUE,Starter,78.3,CH
20260731_TB_PA2,20260731_TB,Home Run,100,+2,Nick Martinez,R,5,2,1,100.3,29.0,389.0,70.2,Opposite,Fly Ball,TRUE,Starter,78.5,CH
20260731_TB_PA3,20260731_TB,Single,000,+3,Nick Martinez,R,4,0,1,102.4,11.0,172.0,76.5,Center,Line Drive,TRUE,Starter,90.7,SI
20260731_TB_PA4,20260731_TB,Flyout,000,+5,Alex Cook,R,4,0,0,101.8,53.0,273.0,77.9,Opposite,Popup,TRUE,Starter,95.7,FF
20260801_TB_PA1,20260801_TB,Strikeout S,000,0,Drew Rasmussen,R,5,0,0,0.0,0.0,0.0,71.9,0,,FALSE,Starter,96.0,FF
20260801_TB_PA2,20260801_TB,Single,000,0,Drew Rasmussen,R,5,0,0,111.9,18.0,275.0,76.9,Pull,Line Drive,TRUE,Starter,96.9,FF
20260801_TB_PA3,20260801_TB,Strikeout S,000,-1,Drew Rasmussen,R,4,0,0,0.0,0.0,0.0,76.5,0,,FALSE,Starter,90.5,CH
20260801_TB_PA4,20260801_TB,Strikeout S,000,-1,Garrett Cleavinger,L,6,0,0,0.0,0.0,0.0,54.6,0,,FALSE,Starter,79.6,SL
20260802_TB_PA1,20260802_TB,Strikeout L,100,0,Griffin Jax,R,5,0,0,0.0,0.0,0.0,0.0,0,,FALSE,Starter,95.3,SI
20260802_TB_PA2,20260802_TB,Strikeout S,000,+2,Griffin Jax,R,6,0,0,0.0,0.0,0.0,77.8,0,,FALSE,Starter,95.5,FF
20260802_TB_PA3,20260802_TB,Groundout,000,+3,Griffin Jax,R,5,0,0,85.4,-10.0,16.0,74.4,Pull,Ground Ball,FALSE,Starter,94.1,SI
20260802_TB_PA4,20260802_TB,Groundout,000,+5,Steven Matz,L,5,0,0,55.5,-37.0,3.0,48.5,Pull,Ground Ball,FALSE,Starter,81.3,CU
20260802_TB_PA5,20260802_TB,Double,000,+7,Alex Cook,R,7,0,0,94.5,20.0,247.0,78.1,Pull,Line Drive,FALSE,Starter,94.0,FF
20260804_BOS_PA1,20260804_BOS,Strikeout L,000,0,Partrick Sandoval,L,4,0,0,0.0,0.0,0.0,0.0,0,,FALSE,Starter,81.3,SL
20260804_BOS_PA2,20260804_BOS,Strikeout S,110,-6,Partrick Sandoval,L,5,0,0,0.0,0.0,0.0,59.7,0,,FALSE,Starter,87.4,SL
20260804_BOS_PA3,20260804_BOS,Single,100,-6,Partrick Sandoval,L,1,0,0,108.8,13.0,234.0,74.2,Center,Line Drive,TRUE,Starter,92.2,SI
20260804_BOS_PA4,20260804_BOS,Strikeout S,000,-11,Brayan Bello,R,4,0,0,0.0,0.0,0.0,34.6,0,,FALSE,Starter,86.8,SL
20260805_BOS_PA1,20260805_BOS,Flyout,000,0,Sonny Gray,R,2,0,0,90.0,43.0,301.0,72.1,Opposite,Fly Ball,FALSE,Starter,87.5,FC
20260805_BOS_PA2,20260805_BOS,Walk,100,-1,Sonny Gray,R,5,0,0,0.0,0.0,0.0,0.0,0,,FALSE,Starter,91.3,SI
20260805_BOS_PA3,20260805_BOS,Strikeout S,010,-2,Sonny Gray,R,4,0,0,0.0,0.0,0.0,51.9,0,,FALSE,Starter,84.8,SL
20260805_BOS_PA4,20260805_BOS,Flyout,100,-3,Garrett Whitlock,R,3,0,0,93.5,53.0,258.0,70.8,Opposite,Popup,FALSE,Starter,95.4,SI
20260806_BOS_PA1,20260806_BOS,Strikeout S,000,0,Ranger Suárez,L,6,0,0,0.0,0.0,0.0,73.6,0,,FALSE,Starter,91.1,FF
20260806_BOS_PA2,20260806_BOS,Groundout,000,+2,Ranger Suárez,L,7,0,0,101.9,1.0,53.0,78.2,Pull,Ground Ball,TRUE,Starter,91.2,FF
20260806_BOS_PA3,20260806_BOS,Strikeout S,000,+2,Tyron Guerrero,R,5,0,0,0.0,0.0,0.0,69.7,0,,FALSE,Starter,93.8,SI
20260806_BOS_PA4,20260806_BOS,Groundout,110,+1,Erik Miller,L,4,0,0,48.0,-60.0,2.0,56.2,Center,Ground Ball,FALSE,Starter,93.8,SPL
20260806_BOS_PA5,20260806_BOS,Strikeout S,110,+1,Erik Miller,L,4,0,0,0.0,0.0,0.0,68.0,Pull,,FALSE,Starter,85.3,SL
20260806_BOS_PA6,20260806_BOS,Groundout,000,+2,Aroldis Chapman,R,3,0,0,87.9,-16.0,9.0,61.4,0,Ground Ball,FALSE,Starter,87.5,SL
20260806_BOS_PA7,20260806_BOS,Intentional Walk,011,+1,Brayan Bello,L,0,0,0,0.0,0.0,0.0,0.0,#REF!,,FALSE,Starter,0.0,0
20260807_CLE_PA1,20260807_CLE,Popout,010,-2,Parker Messick,L,2,0,0,96.6,66.0,153.0,76.7,Pull,Popup,TRUE,Starter,93.6,SI
20260807_CLE_PA2,20260807_CLE,Strikeout S,000,-1,Parker Messick,L,4,0,0,0.0,0.0,0.0,70.5,0,,FALSE,Starter,86.4,CH
20260807_CLE_PA3,20260807_CLE,Home Run,000,-7,Parker Messick,R,2,1,1,110.5,42.0,406.0,80.0,Center,Fly Ball,TRUE,Starter,95.8,FF
20260807_CLE_PA4,20260807_CLE,Strikeout L,100,-6,Franco Aleman,R,6,0,0,0.0,0.0,0.0,0.0,0,,FALSE,Starter,95.1,FF
20260808_CLE_PA1,20260808_CLE,Strikeout S,000,0,Gavin Williams,R,5,0,0,0.0,0.0,0.0,67.6,0,,FALSE,Starter,88.7,SL
20260808_CLE_PA2,20260808_CLE,Flyout,000,0,Gavin Williams,R,2,0,0,92.9,27.0,317.0,67.1,Pull,Fly Ball,FALSE,Starter,88.5,SL
20260808_CLE_PA3,20260808_CLE,Home Run,000,-2,Gavin Williams,R,3,1,1,101.1,28.0,347.0,72.0,Opposite,Fly Ball,TRUE,Starter,99.8,SI
20260808_CLE_PA4,20260808_CLE,Walk,000,+2,Tim Herrin,L,5,0,0,0.0,0.0,0.0,0.0,0,,FALSE,Starter,92.7,SI
20260809_CLE_PA1,20260809_CLE,Double,010,-2,Joey Cantillo,L,7,1,0,113.4,19.0,383.0,79.0,Center,Line Drive,TRUE,Starter,93.4,FF
20260809_CLE_PA2,20260809_CLE,Strikeout S,000,-1,Tim Herrin,L,5,0,0,0.0,0.0,0.0,30.0,0,,FALSE,Starter,88.3,SL
20260809_CLE_PA3,20260809_CLE,Groundout,000,+3,Colin Holderman,R,3,0,0,85.7,-18.0,5.0,72.6,Center,Ground Ball,FALSE,Starter,95.9,SI
20260809_CLE_PA4,20260809_CLE,Walk,000,+3,Erik Sabrowski,L,5,0,0,0.0,0.0,0.0,0.0,0,,FALSE,Starter,95.1,FF
20260809_CLE_PA5,20260809_CLE,Strikeout S,000,+3,Cade Smith,R,5,0,0,0.0,0.0,0.0,77.5,0,,FALSE,Starter,100.0,FF
20260811_CIN_PA1,20260811_CIN,Groundout,000,+1,Nick Lodolo,L,8,0,0,95.8,2.0,54.0,74.8,Opposite,Ground Ball,TRUE,Starter,93.8,SI
20260811_CIN_PA2,20260811_CIN,Strikeout S,000,+2,Nick Lodolo,L,6,0,0,0.0,0.0,0.0,69.7,0,,FALSE,Starter,94.3,SI
20260811_CIN_PA3,20260811_CIN,Flyout,000,+3,Luis Mey,R,3,0,0,105.7,39.0,379.0,72.8,Center,Fly Ball,TRUE,Starter,85.6,SL
20260811_CIN_PA4,20260811_CIN,Double,000,0,Tejay Antone,R,3,0,0,97.5,19.0,258.0,77.8,Pull,Line Drive,TRUE,Starter,81.8,SL
20260812_CIN_PA1,20260812_CIN,Groundout,000,0,Rhett Lowder,R,7,0,0,72.6,2.0,44.0,74.8,Pull,Ground Ball,FALSE,Starter,86.6,CH
20260812_CIN_PA2,20260812_CIN,Flyout,010,+1,Rhett Lowder,R,4,0,0,106.6,44.0,345.0,77.3,Center,Fly Ball,TRUE,Starter,93.9,SI
20260812_CIN_PA3,20260812_CIN,Walk,110,+2,Rhett Lowder,R,6,0,0,0.0,0.0,0.0,0.0,0,,FALSE,Starter,86.8,CH
20260812_CIN_PA4,20260812_CIN,Flyout,100,+3,Sam Moll,L,5,0,0,99.5,46.0,310.0,72.1,Center,Fly Ball,TRUE,Starter,82.2,SL
20260813_CIN_PA1,20260813_CIN,Strikeout S,100,-2,Julian Garcia,R,5,0,0,0.0,0.0,0.0,80.8,0,,FALSE,PH,82.7,SL
20260814_DET_PA1,20260814_DET,Hit By Pitch,100,0,Jackson Jobe,R,1,0,0,0.0,0.0,0.0,0.0,0,,FALSE,Starter,81.5,CU
20260814_DET_PA2,20260814_DET,Strikeout L,000,-1,Jackson Jobe,R,4,0,0,0.0,0.0,0.0,0.0,0,,FALSE,Starter,99.1,FF
20260814_DET_PA3,20260814_DET,Home Run,000,0,Jackson Jobe,R,4,1,1,110.0,41.0,392.0,77.8,Pull,Fly Ball,TRUE,Starter,96.9,FF
20260814_DET_PA4,20260814_DET,Walk,000,+3,Enmanuel De Jesus,L,5,0,1,0.0,0.0,0.0,0.0,0,,FALSE,Starter,85.8,FC
20260814_DET_PA5,20260814_DET,Popout,000,+3,Enmanuel De Jesus,L,2,0,0,86.4,78.0,88.0,73.1,Opposite,Popup,FALSE,Starter,93.5,SI
20260815_DET_PA1,20260815_DET,Walk,010,0,Troy Melton,R,7,0,0,0.0,0.0,0.0,0.0,0,,FALSE,Starter,97.8,FF
20260815_DET_PA2,20260815_DET,Double,000,0,Troy Melton,R,2,0,0,104.8,8.0,153.0,71.1,Opposite,Ground Ball,TRUE,Starter,85.5,SL
20260815_DET_PA3,20260815_DET,Popout,100,+2,Troy Melton,R,1,0,0,77.2,77.0,56.0,70.6,Opposite,Popup,FALSE,Starter,95.9,FF
20260815_DET_PA4,20260815_DET,Strikeout S,010,0,Drew Sommers,L,5,0,0,0.0,0.0,0.0,44.0,0,,FALSE,Starter,94.8,FF
20260815_DET_PA5,20260815_DET,Strikeout S,000,+1,Tanner Rainey,R,5,0,0,0.0,0.0,0.0,75.7,0,,FALSE,Starter,96.2,FF
20260816_DET_PA1,20260816_DET,Strikeout S,000,0,Drew Anderson,R,6,0,0,0.0,0.0,0.0,76.3,0,,FALSE,Starter,81.0,CU
20260816_DET_PA2,20260816_DET,Groundout,000,-2,Drew Anderson,R,6,0,0,95.2,2.0,57.0,65.4,Opposite,Ground Ball,TRUE,Starter,80.7,CU
20260816_DET_PA3,20260816_DET,Strikeout S,000,-1,Drew Anderson,R,3,0,0,0.0,0.0,0.0,78.7,0,,FALSE,Starter,90.1,CH
20260816_DET_PA4,20260816_DET,Home Run,100,0,Tyler Holton,L,3,2,1,102.4,33.0,393.0,76.3,Opposite,Fly Ball,TRUE,Starter,91.8,SI
20260816_DET_PA5,20260816_DET,Popout,000,+1,Jacob Waguespack,R,5,0,0,96.9,74.0,103.0,77.4,Opposite,Popup,TRUE,Starter,86.8,FC
20260817_CHC_PA1,20260817_CHC,Strikeout S,000,0,Shota Imanaga,L,5,0,0,0.0,0.0,0.0,81.8,0,,FALSE,Starter,83.4,SPL
20260817_CHC_PA2,20260817_CHC,Walk,000,-2,Shota Imanaga,L,5,0,1,0.0,0.0,0.0,0.0,0,,FALSE,Starter,81.9,SL
20260817_CHC_PA3,20260817_CHC,Lineout,100,+1,Shota Imanaga,L,1,0,0,107.9,22.0,323.0,74.5,Pull,Line Drive,TRUE,Starter,91.3,SL
20260817_CHC_PA4,20260817_CHC,Walk,000,-1,Ryan Zeferjahn,R,4,0,1,0.0,0.0,0.0,0.0,0,,FALSE,Starter,96.8,FF
20260817_CHC_PA5,20260817_CHC,Walk,010,0,Jacob Webb,R,5,0,0,0.0,0.0,0.0,0.0,0,,FALSE,Starter,82.0,CU
20260818_CHC_PA1,20260818_CHC,Walk,100,0,Kevin Gausman,R,5,0,0,0.0,0.0,0.0,0.0,0,,FALSE,Starter,92.8,FF
20260818_CHC_PA2,20260818_CHC,Home Run,000,-1,Kevin Gausman,R,6,1,1,111.1,39.0,440.0,76.8,Opposite,Fly Ball,TRUE,Starter,92.5,FF
20260818_CHC_PA3,20260818_CHC,Strikeout S,000,+1,Kevin Gausman,R,6,0,0,0.0,0.0,0.0,76.7,0,,FALSE,Starter,83.6,SPL
20260818_CHC_PA4,20260818_CHC,Strikeout S,100,+1,Javier Assad,R,6,0,0,0.0,0.0,0.0,80.4,0,,FALSE,Starter,91.8,SI
20260818_CHC_PA5,20260818_CHC,Groundout,100,0,Jacob Webb,R,2,0,0,59.0,-67.0,2.0,80.5,Center,Ground Ball,FALSE,Starter,85.9,CH
20260819_CHC_PA1,20260819_CHC,Groundout,000,0,Clay Holmes,R,4,0,0,80.8,-30.0,5.0,74.5,Opposite,Ground Ball,FALSE,Starter,92.5,SI
20260819_CHC_PA2,20260819_CHC,Groundout,100,0,Clay Holmes,R,2,0,0,79.6,-31.0,4.0,76.9,Pull,Ground Ball,FALSE,Starter,87.7,CH
20260819_CHC_PA3,20260819_CHC,Groundout,100,0,Clay Holmes,R,6,0,0,110.0,-12.0,8.0,73.0,Opposite,Ground Ball,TRUE,Starter,92.8,SI
20260819_CHC_PA4,20260819_CHC,Groundout,000,+1,Ryan Rolison,L,3,0,0,98.6,10.0,132.0,68.1,Opposite,Line Drive,TRUE,Starter,85.6,SL
20260819_CHC_PA5,20260819_CHC,Groundout,110,+3,Aaron Civale,R,6,0,0,75.7,12.0,137.0,58.8,Opposite,Line Drive,FALSE,Starter,79.4,CU
20260820_ATL_PA1,20260820_ATL,Groundout,000,0,Grant Holmes,R,5,0,0,82.9,-11.0,10.0,76.3,Pull,Ground Ball,FALSE,Starter,89.4,CH
20260820_ATL_PA2,20260820_ATL,Groundout,000,-1,Grant Holmes,R,4,0,0,88.9,5.0,82.0,78.0,Pull,Ground Ball,FALSE,Starter,85.2,SL
20260820_ATL_PA3,20260820_ATL,Strikeout S,010,-1,Grant Holmes,R,6,0,0,0.0,0.0,0.0,78.4,0,,FALSE,Starter,86.6,SL
20260820_ATL_PA4,20260820_ATL,Groundout,000,-2,Raisel Iglesias,R,3,0,0,90.0,9.0,124.0,70.2,Pull,Ground Ball,FALSE,Starter,81.2,SL
20260821_NYM_PA1,20260821_NYM,Flyout,000,0,Sean Manaea,L,4,0,0,94.5,40.0,333.0,0.0,Pull,Fly Ball,FALSE,Starter,94.1,FF
20260821_NYM_PA2,20260821_NYM,Flyout,000,-3,Sean Manaea,L,3,0,0,98.2,35.0,370.0,72.9,Pull,Fly Ball,TRUE,Starter,90.8,SI
20260821_NYM_PA3,20260821_NYM,Walk,000,-4,Sean Manaea,L,7,0,1,0.0,0.0,0.0,0.0,0,,FALSE,Starter,76.8,SL
20260821_NYM_PA4,20260821_NYM,Strikeout S,000,0,Nate Lavender,L,4,0,0,0.0,0.0,0.0,77.4,0,,FALSE,Starter,79.4,SL
20260822_NYM_PA1,20260822_NYM,Strikeout S,000,-1,Christian Scott,R,5,0,0,0.0,0.0,0.0,73.7,0,,FALSE,Starter,96.9,FF
20260822_NYM_PA2,20260822_NYM,Single,100,-2,Christian Scott,R,3,0,0,102.6,7.0,122.0,75.1,Pull,Ground Ball,TRUE,Starter,81.6,SL
20260822_NYM_PA3,20260822_NYM,Strikeout S,110,-4,Christian Scott,R,6,0,0,0.0,0.0,0.0,76.8,0,,FALSE,Starter,81.0,SL
20260822_NYM_PA4,20260822_NYM,Strikeout L,101,-2,Austin Warren,R,5,0,0,0.0,0.0,0.0,0.0,0,,FALSE,Starter,94.4,SI
20260822_NYM_PA5,20260822_NYM,Strikeout S,000,-3,Dedniel Núñez,R,5,0,0,0.0,0.0,0.0,26.5,0,,FALSE,Starter,89.4,SL
20260823_NYM_PA1,20260823_NYM,Strikeout L,000,0,Nolan McLean,R,5,0,0,0.0,0.0,0.0,0.0,0,,FALSE,Starter,96.0,SI
20260823_NYM_PA2,20260823_NYM,Walk,100,0,Nolan McLean,R,6,0,0,0.0,0.0,0.0,0.0,0,,FALSE,Starter,95.5,SI
20260823_NYM_PA3,20260823_NYM,Groundout,100,0,Nolan McLean,R,4,0,0,89.2,-6.0,25.0,74.4,Pull,Ground Ball,FALSE,Starter,94.8,SI
20260823_NYM_PA4,20260823_NYM,Strikeout S,000,0,Daniel Duarte,R,6,0,0,0.0,0.0,0.0,77.8,0,,FALSE,Starter,82.4,SL
20260824_TEX_PA1,20260824_TEX,Strikeout S,000,-2,Kumar Rocker,R,6,0,0,0.0,0.0,0.0,75.9,0,,FALSE,Starter,94.6,FF
20260824_TEX_PA2,20260824_TEX,Single,000,-3,Kumar Rocker,R,2,0,0,91.7,9.0,116.0,84.3,Pull,Ground Ball,FALSE,Starter,93.5,SI
20260824_TEX_PA3,20260824_TEX,Strikeout S,000,-5,Kumar Rocker,R,4,0,0,0.0,0.0,0.0,72.0,0,,FALSE,Starter,82.8,SL
20260824_TEX_PA4,20260824_TEX,Strikeout S,000,-6,Robby Ahlstrom,L,4,0,0,0.0,0.0,0.0,39.9,0,,FALSE,Starter,93.3,FF
20260825_TEX_PA1,20260825_TEX,Walk,010,0,Jacob deGrom,R,6,0,1,0.0,0.0,0.0,0.0,0,,FALSE,Starter,91.5,SL
20260825_TEX_PA2,20260825_TEX,Groundout,000,+5,Jacob deGrom,R,1,0,0,90.5,-12.0,13.0,76.3,Pull,Ground Ball,FALSE,Starter,96.2,FF
20260825_TEX_PA3,20260825_TEX,Strikeout L,100,+5,Jacob deGrom,R,3,0,0,0.0,0.0,0.0,0.0,0,,FALSE,Starter,96.8,FF
20260825_TEX_PA4,20260825_TEX,Groundout,001,+5,Cole Winn,R,7,0,0,104.4,-12.0,6.0,71.8,Pull,Ground Ball,TRUE,Starter,84.2,SL
20260825_TEX_PA5,20260825_TEX,Flyout,000,+4,Jordan Montgomery,L,6,0,0,95.2,46.0,284.0,66.9,Pull,Fly Ball,TRUE,Starter,82.5,SL
20260826_TEX_PA1,20260826_TEX,GIDP,100,0,MacKenzie Gore,L,5,0,0,94.1,-17.0,6.0,60.5,Opposite,Ground Ball,FALSE,Starter,94.5,FF
20260826_TEX_PA2,20260826_TEX,Strikeout S,111,+2,MacKenzie Gore,L,5,0,0,0.0,0.0,0.0,70.7,0,,FALSE,Starter,87.0,SL
20260826_TEX_PA3,20260826_TEX,Walk,100,+1,MacKenzie Gore,L,5,0,0,0.0,0.0,0.0,0.0,0,,FALSE,Starter,94.0,FF
20260826_TEX_PA4,20260826_TEX,Walk,001,+4,Robby Ahlstrom,L,6,0,1,0.0,0.0,0.0,0.0,0,,FALSE,Starter,94.3,FF
20260826_TEX_PA5,20260826_TEX,Strikeout L,000,+6,Jakob Junis,R,7,0,0,0.0,0.0,0.0,0.0,0,,FALSE,Starter,92.8,SI
20260828_MIN_PA1,20260828_MIN,Strikeout S,000,0,Dean Kremer,R,4,0,0,0.0,0.0,0.0,47.3,0,,FALSE,Starter,82.7,SPL
20260828_MIN_PA2,20260828_MIN,Double,000,0,Dean Kremer,R,6,0,1,103.6,21.0,325.0,73.9,Opposite,Line Drive,TRUE,Starter,92.8,SI
20260828_MIN_PA3,20260828_MIN,Strikeout S,000,+2,Dean Kremer,R,6,0,0,0.0,0.0,0.0,68.5,0,,FALSE,Starter,93.1,FF
20260828_MIN_PA4,20260828_MIN,Walk,010,+2,Taylor Rogers,L,6,0,0,0.0,0.0,0.0,0.0,0,,FALSE,Starter,75.7,SL
20260828_MIN_PA5,20260828_MIN,Single,000,+3,Kody Funderburk,L,2,0,0,85.1,14.0,160.0,76.6,Pull,Line Drive,FALSE,Starter,92.7,FC
20260829_MIN_PA1,20260829_MIN,Walk,100,0,Bailey Ober,R,8,0,0,0.0,0.0,0.0,0.0,0,,FALSE,Starter,82.8,CH
20260829_MIN_PA2,20260829_MIN,Strikeout L,000,-1,Bailey Ober,R,3,0,0,0.0,0.0,0.0,0.0,0,,FALSE,Starter,81.8,CH
20260829_MIN_PA3,20260829_MIN,Groundout,000,0,Bailey Ober,R,2,0,0,85.7,8.0,104.0,76.3,Pull,Ground Ball,FALSE,Starter,81.2,CH
20260829_MIN_PA4,20260829_MIN,Walk,000,+1,A. J. Minter,L,7,0,0,0.0,0.0,0.0,0.0,0,,FALSE,Starter,89.8,FC
20260830_MIN_PA1,20260830_MIN,Strikeout S,000,0,Zebby Matthews,R,5,0,0,0.0,0.0,0.0,80.8,0,,FALSE,Starter,96.3,FF
20260830_MIN_PA2,20260830_MIN,Popout,000,-4,Zebby Matthews,R,1,0,0,92.2,72.0,97.0,76.5,Opposite,Popup,FALSE,Starter,86.8,CH
20260830_MIN_PA3,20260830_MIN,Flyout,011,-4,Zebby Matthews,R,2,0,0,82.6,40.0,283.0,75.1,Opposite,Fly Ball,FALSE,Starter,94.1,FC
20260830_MIN_PA4,20260830_MIN,Flyout,100,-5,Zebby Matthews,R,7,0,0,92.6,54.0,237.0,76.9,Pull,Popup,FALSE,Starter,92.7,FC
20260831_HOU_PA1,20260831_HOU,Flyout,010,0,Peter Lambert,R,2,0,0,107.5,52.0,313.0,80.6,Pull,Popup,TRUE,Starter,94.3,FF
20260831_HOU_PA2,20260831_HOU,Walk,000,0,Peter Lambert,R,6,0,0,0.0,0.0,0.0,0.0,0,,FALSE,Starter,86.3,SL
20260831_HOU_PA3,20260831_HOU,Walk,111,0,Peter Lambert,R,5,1,0,0.0,0.0,0.0,0.0,0,,FALSE,Starter,87.6,CH
20260831_HOU_PA4,20260831_HOU,Walk,100,-4,Enyel De Los Santos,R,6,0,0,0.0,0.0,0.0,0.0,0,,FALSE,Starter,85.5,SL
20260831_HOU_PA5,20260831_HOU,Strikeout S,100,-3,Steven Okert,L,5,0,0,0.0,0.0,0.0,67.7,0,,FALSE,Starter,91.0,FF
20260901_HOU_PA1,20260901_HOU,Strikeout S,100,0,Ronel Blanco,R,7,0,0,0.0,0.0,0.0,68.4,0,,FALSE,Starter,94.0,FF
20260901_HOU_PA2,20260901_HOU,Flyout,000,0,Ronel Blanco,R,7,0,0,106.0,47.0,341.0,76.8,Pull,Fly Ball,TRUE,Starter,87.0,SL
20260901_HOU_PA3,20260901_HOU,Strikeout S,100,0,Ronel Blanco,R,4,0,0,0.0,0.0,0.0,70.0,0,,FALSE,Starter,84.9,CH
20260901_HOU_PA4,20260901_HOU,Walk,000,+3,Tatsuya Imai,R,5,0,1,0.0,0.0,0.0,0.0,0,,FALSE,Starter,85.2,SL
20260901_HOU_PA5,20260901_HOU,Strikeout L,100,+5,Tatsuya Imai,R,4,0,0,0.0,0.0,0.0,0.0,0,,FALSE,Starter,86.6,SL
20260902_HOU_PA1,20260902_HOU,Strikeout S,000,0,Hayden Wesneski,R,5,0,0,0.0,0.0,0.0,72.8,0,,FALSE,Starter,80.9,SL
20260902_HOU_PA2,20260902_HOU,Groundout,110,0,Hayden Wesneski,R,1,0,0,59.7,5.0,56.0,71.6,Pull,Ground Ball,FALSE,Starter,80.6,SL
20260902_HOU_PA3,20260902_HOU,Flyout,000,0,Hayden Wesneski,R,8,0,0,82.5,53.0,219.0,72.5,Pull,Popup,FALSE,Starter,83.2,SL
20260902_HOU_PA4,20260902_HOU,Single,110,0,AJ Blubaugh,R,5,0,0,107.2,17.0,256.0,74.8,Pull,Line Drive,TRUE,Starter,85.6,SL
20260903_HOU_PA1,20260903_HOU,Strikeout S,000,0,Hunter Brown,R,3,0,0,0.0,0.0,0.0,69.7,0,,FALSE,Starter,97.3,FF
20260903_HOU_PA2,20260903_HOU,Strikeout S,101,0,Hunter Brown,R,5,0,0,0.0,0.0,0.0,78.0,0,,FALSE,Starter,97.2,FF
20260903_HOU_PA3,20260903_HOU,Strikeout S,000,-4,Hunter Brown,R,5,0,0,0.0,0.0,0.0,76.3,0,,FALSE,Starter,88.5,SL
20260903_HOU_PA4,20260903_HOU,Groundout,000,-4,Bryan Abreu,L,3,0,0,86.9,-17.0,10.0,74.0,Pull,Ground Ball,FALSE,Starter,94.6,FF
20260904_MIN_PA1,20260904_MIN,Flyout,000,+1,Zebby Matthews,R,6,0,0,107.6,47.0,358.0,78.4,Center,Fly Ball,TRUE,Starter,96.4,FF
20260904_MIN_PA2,20260904_MIN,Flyout,000,+2,Zebby Matthews,R,2,0,0,97.5,58.0,265.0,82.3,Opposite,Popup,TRUE,Starter,87.4,SL
20260904_MIN_PA3,20260904_MIN,Strikeout L,000,+4,Taylor Rogers,L,6,0,0,0.0,0.0,0.0,0.0,0,,FALSE,Starter,91.9,SI
20260904_MIN_PA4,20260904_MIN,Groundout,000,+4,Garrett Acton,R,5,0,0,75.2,-3.0,29.0,80.0,Pull,Ground Ball,FALSE,Starter,87.4,SPL
20260905_MIN_PA1,20260905_MIN,Home Run,100,0,Taj Bradley,R,5,2,1,103.6,49.0,346.0,75.6,Opposite,Fly Ball,TRUE,Starter,92.6,SPL
20260905_MIN_PA2,20260905_MIN,Strikeout L,000,+3,Taj Bradley,R,6,0,0,0.0,0.0,0.0,0.0,0,,FALSE,Starter,90.4,FC
20260905_MIN_PA3,20260905_MIN,Strikeout S,110,-1,Taj Bradley,R,4,0,0,0.0,0.0,0.0,67.2,0,,FALSE,Starter,98.4,FF
20260905_MIN_PA4,20260905_MIN,Strikeout S,000,-2,A. J. Minter,L,6,0,0,0.0,0.0,0.0,76.1,0,,FALSE,Starter,87.9,FC
20260906_MIN_PA1,20260906_MIN,Groundout,010,0,Bailey Ober,R,4,0,0,89.2,-34.0,3.0,63.9,Pull,Ground Ball,FALSE,Starter,84.6,CH
20260906_MIN_PA2,20260906_MIN,Flyout,100,0,Bailey Ober,R,3,0,0,98.4,52.0,277.0,76.3,Opposite,Popup,TRUE,Starter,84.7,SL
20260906_MIN_PA3,20260906_MIN,Single,010,0,Bailey Ober,R,6,1,0,98.5,5.0,76.0,77.1,Pull,Ground Ball,TRUE,Starter,82.6,SL
20260906_MIN_PA4,20260906_MIN,Intentional Walk,010,+3,Andrew Morris,R,0,0,0,0.0,0.0,0.0,0.0,0,,FALSE,Starter,0.0,0
20260906_MIN_PA5,20260906_MIN,Strikeout L,111,+4,Garrett Acton,R,5,0,0,0.0,0.0,0.0,0.0,0,,FALSE,Starter,95.2,FF
20260906_MIN_PA6,20260906_MIN,Strikeout L,100,+9,Tommy Nance,R,4,0,0,0.0,0.0,0.0,0.0,0,,FALSE,Starter,85.2,CU
20260908_PIT_PA1,20260908_PIT,Strikeout L,000,-5,Bubba Chandler,R,4,0,0,0.0,0.0,0.0,0.0,0,,FALSE,Starter,99.2,FF
20260908_PIT_PA2,20260908_PIT,Strikeout S,000,-7,Bubba Chandler,R,5,0,0,0.0,0.0,0.0,72.2,0,,FALSE,Starter,99.3,FF
20260908_PIT_PA3,20260908_PIT,Strikeout S,000,-7,Bubba Chandler,R,7,0,0,0.0,0.0,0.0,74.8,0,,FALSE,Starter,99.4,FF
20260908_PIT_PA4,20260908_PIT,Strikeout S,000,-6,Yohan Ramírez,R,6,0,0,0.0,0.0,0.0,39.5,0,,FALSE,Starter,85.1,SL
20260909_PIT_PA1,20260909_PIT,Strikeout L,010,0,Lake Bachar,R,4,0,0,0.0,0.0,0.0,0.0,0,,FALSE,Starter,91.3,SL
20260909_PIT_PA2,20260909_PIT,Strikeout S,000,0,Brandon Eisert,L,4,0,0,0.0,0.0,0.0,74.6,0,,FALSE,Starter,84.9,SL
20260909_PIT_PA3,20260909_PIT,Hit By Pitch,000,-1,Gregory Soto,L,2,0,0,0.0,0.0,0.0,0.0,0,,FALSE,Starter,96.1,SI
20260909_PIT_PA4,20260909_PIT,Home Run,000,-3,Luke Weaver,R,3,1,1,110.0,43.0,381.0,79.1,Pull,Fly Ball,TRUE,Starter,87.7,CH
20260910_PIT_PA1,20260910_PIT,Strikeout L,000,0,Jared Jones,R,5,0,0,0.0,0.0,0.0,0.0,0,,FALSE,Starter,99.3,FF
20260910_PIT_PA2,20260910_PIT,Flyout,100,-1,Jared Jones,R,4,0,0,97.3,39.0,344.0,68.4,Center,Fly Ball,TRUE,Starter,91.1,SL
20260910_PIT_PA3,20260910_PIT,Lineout,000,-1,Jared Jones,R,3,0,0,84.6,25.0,274.0,75.6,Pull,Line Drive,FALSE,Starter,90.4,SL
20260910_PIT_PA4,20260910_PIT,Groundout,010,-2,Mason Montgomery,L,4,0,0,93.6,9.0,129.0,75.7,Pull,Ground Ball,FALSE,Starter,97.7,SI
20260911_STL_PA1,20260911_STL,Groundout,101,-5,Ryne Stanek,R,2,1,0,66.1,-59.0,3.0,85.8,Pull,Ground Ball,FALSE,PH,91.4,SPL
20260912_STL_PA1,20260912_STL,Strikeout L,010,0,Kyle Leahy,R,5,0,0,0.0,0.0,0.0,0.0,0,,FALSE,Starter,95.7,SI
20260912_STL_PA2,20260912_STL,Single,000,-3,Cooper Hjerpe,L,8,0,1,104.6,13.0,203.0,72.8,Pull,Line Drive,TRUE,Starter,92.2,FF
20260912_STL_PA3,20260912_STL,Walk,111,-3,Cooper Hjerpe,L,6,1,0,0.0,0.0,0.0,0.0,0,,FALSE,Starter,79.4,CH
20260912_STL_PA4,20260912_STL,Groundout,000,0,Ryne Stanek,R,5,0,0,80.8,-8.0,17.0,73.9,Pull,Ground Ball,FALSE,Starter,98.0,FF
20260912_STL_PA5,20260912_STL,Strikeout S,010,-1,Riley O'Brien,R,5,0,0,0.0,0.0,0.0,43.7,0,,FALSE,Starter,83.3,SL
20260913_STL_PA1,20260913_STL,Strikeout S,000,0,Michael McGreevy,R,4,0,0,0.0,0.0,0.0,79.1,0,,FALSE,Starter,84.9,SL
20260913_STL_PA2,20260913_STL,Strikeout S,000,+1,Michael McGreevy,R,4,0,0,0.0,0.0,0.0,74.3,0,,FALSE,Starter,91.2,SI
20260913_STL_PA3,20260913_STL,Groundout,101,+1,Michael McGreevy,R,5,0,0,90.7,-28.0,5.0,79.1,Pull,Ground Ball,FALSE,Starter,91.5,FF
20260913_STL_PA4,20260913_STL,Walk,100,-2,George Soriano,R,6,0,0,0.0,0.0,0.0,0.0,0,,FALSE,Starter,96.1,FF
20260914_CLE_PA1,20260914_CLE,Strikeout S,110,0,Gavin Williams,R,5,0,0,0.0,0.0,0.0,69.0,0,,FALSE,Starter,100.4,FF
20260914_CLE_PA2,20260914_CLE,Hit By Pitch,000,0,Gavin Williams,R,3,0,0,0.0,0.0,0.0,0.0,0,,FALSE,Starter,87.1,SL
20260914_CLE_PA3,20260914_CLE,Strikeout S,100,0,Gavin Williams,R,4,0,0,0.0,0.0,0.0,65.4,0,,FALSE,Starter,88.0,SL
20260914_CLE_PA4,20260914_CLE,Strikeout S,000,+6,Daniel Espino,R,4,0,0,0.0,0.0,0.0,59.1,0,,FALSE,Starter,90.4,SL
20260914_CLE_PA5,20260914_CLE,Walk,010,+5,Slade Cecconi,R,6,0,0,0.0,0.0,0.0,0.0,0,,FALSE,Starter,95.6,FF
20260915_CLE_PA1,20260915_CLE,Strikeout L,100,0,Foster Griffin,L,6,0,0,0.0,0.0,0.0,0.0,0,,FALSE,Starter,91.4,FC
20260915_CLE_PA2,20260915_CLE,Strikeout S,100,-3,Foster Griffin,L,3,0,0,0.0,0.0,0.0,72.4,0,,FALSE,Starter,93.1,FF
20260915_CLE_PA3,20260915_CLE,Walk,010,5,Erik Sabrowski,L,5,0,0,0.0,0.0,0.0,0.0,0,,FALSE,Starter,88.0,SL
20260915_CLE_PA4,20260915_CLE,Strikeout S,010,+2,Hunter Gaddis,R,8,0,0,0.0,0.0,0.0,47.2,0,,FALSE,Starter,91.4,SL
20260915_CLE_PA5,20260915_CLE,Strikeout S,000,+1,Cade Smith,R,5,0,0,0.0,0.0,0.0,74.5,0,,FALSE,Starter,89.7,SPL
20260916_CLE_PA1,20260916_CLE,Groundout,000,+1,Parker Messick,L,1,0,0,72.7,-8.0,18.0,75.4,Pull,Ground Ball,FALSE,PH,94.8,SI
20260916_CLE_PA2,20260916_CLE,Walk,100,-3,Erik Sabrowski,L,6,0,0,0.0,0.0,0.0,0.0,0,,FALSE,PH stayed in game,87.5,SL
20260917_DET_PA1,20260917_DET,Home Run,101,0,Framber Valdez,L,1,3,1,109.1,35.0,423.0,75.8,Center,Fly Ball,TRUE,Starter,94.6,SI
20260917_DET_PA2,20260917_DET,Strikeout S,100,+2,Framber Valdez,L,4,0,0,0.0,0.0,0.0,68.4,0,,FALSE,Starter,78.7,CU
20260917_DET_PA3,20260917_DET,Strikeout S,100,+2,Framber Valdez,L,3,0,0,0.0,0.0,0.0,64.7,0,,FALSE,Starter,85.0,SL
20260917_DET_PA4,20260917_DET,Triple,000,+2,Ty Madden,R,2,0,0,88.5,9.0,128.0,70.7,Pull,Ground Ball,FALSE,Starter,83.4,SL
20260918_DET_PA1,20260918_DET,Walk,100,-1,Andrew Sears,L,7,0,1,0.0,0.0,0.0,0.0,0,,FALSE,Starter,83.4,SL
20260918_DET_PA2,20260918_DET,Strikeout S,110,+5,Beau Brieske,R,5,0,0,0.0,0.0,0.0,72.6,0,,FALSE,Starter,85.5,CU
20260918_DET_PA3,20260918_DET,Groundout,000,+6,Brant Hurter,L,3,0,0,94.7,7.0,103.0,74.0,Pull,Ground Ball,FALSE,Starter,91.5,SI
20260918_DET_PA4,20260918_DET,Groundout,000,+2,Tyler Kinley,R,2,0,0,66.3,-34.0,6.0,75.9,Pull,Ground Ball,FALSE,Starter,85.7,SL
20260918_DET_PA5,20260918_DET,Strikeout S,000,-3,Kenley Jansen,R,3,0,0,0.0,0.0,0.0,71.7,0,,FALSE,Starter,95.2,SI
20260919_DET_PA1,20260919_DET,Single,010,0,Jackson Jobe,R,3,1,0,73.7,31.0,243.0,73.8,Opposite,Fly Ball,FALSE,Starter,85.4,CU
20260919_DET_PA2,20260919_DET,Strikeout S,000,+1,Jackson Jobe,R,6,0,0,0.0,0.0,0.0,65.2,0,,FALSE,Starter,89.0,SL
20260919_DET_PA3,20260919_DET,Groundout,000,+2,Jackson Jobe,R,5,0,0,83.7,-26.0,5.0,73.7,Pull,Ground Ball,FALSE,Starter,86.6,CU
20260919_DET_PA4,20260919_DET,Strikeout S,100,+2,Jacob Waguespack,R,5,0,0,0.0,0.0,0.0,75.9,0,,FALSE,Starter,84.9,CH
20260920_DET_PA1,20260920_DET,Hit By Pitch,010,0,Troy Melton,R,3,0,0,0.0,0.0,0.0,0.0,0,,FALSE,Starter,83.1,CU
20260920_DET_PA2,20260920_DET,Strikeout S,100,+1,Troy Melton,R,5,0,0,0.0,0.0,0.0,77.3,0,,FALSE,Starter,87.6,SL
20260920_DET_PA3,20260920_DET,Walk,110,+4,Tyler Holton,L,9,0,0,0.0,0.0,0.0,0.0,0,,FALSE,Starter,91.7,SI
20260920_DET_PA4,20260920_DET,Groundout,001,+6,Ty Madden,R,3,0,0,91.6,-15.0,8.0,77.3,Pull,Ground Ball,FALSE,Starter,88.8,FC
20260920_DET_PA5,20260920_DET,Walk,111,+6,Brant Hurter,L,5,1,0,0.0,0.0,0.0,0.0,0,,FALSE,Starter,81.5,SL
20260922_KC_PA1,20260922_KC,Hit By Pitch,110,0,Daniel Lynch,L,1,0,0,0.0,0.0,0.0,0.0,0,,FALSE,Starter,94.8,SI
20260922_KC_PA2,20260922_KC,Walk,010,+3,Daniel Lynch,L,6,0,1,0.0,0.0,0.0,0.0,0,,FALSE,Starter,84.6,CH
20260922_KC_PA3,20260922_KC,Groundout,000,+8,Daniel Lynch,L,2,0,0,96.2,0.0,46.0,63.1,Opposite,,TRUE,Starter,85.8,SL
20260922_KC_PA4,20260922_KC,Home Run,010,+5,Tony Gonsolin,R,5,2,1,109.1,24.0,373.0,74.3,Pull,Line Drive,TRUE,Starter,81.6,CU
20260922_KC_PA5,20260922_KC,Strikeout S,000,+10,Nolan Hoffman,R,4,0,0,0.0,0.0,0.0,72.0,0,,FALSE,Starter,91.3,FF
20260923_KC_PA1,20260923_KC,Flyout,000,-4,Seth Lugo,R,2,0,0,106.8,45.0,324.0,80.3,Pull,Fly Ball,TRUE,Starter,89.6,SI
20260923_KC_PA2,20260923_KC,Double,101,-1,Seth Lugo,R,1,1,0,107.1,20.0,292.0,75.5,Pull,Line Drive,TRUE,Starter,80.8,SL
20260923_KC_PA3,20260923_KC,Flyout,000,0,Anthony Gose,L,2,0,0,100.5,35.0,384.0,74.2,Center,Fly Ball,TRUE,Starter,95.7,FF
20260923_KC_PA4,20260923_KC,Strikeout L,000,-1,Lucas Erceg,R,4,0,0,0.0,0.0,0.0,0.0,0,,FALSE,Starter,100.1,SI
20260924_KC_PA1,20260924_KC,Strikeout S,101,+1,Randy Dobnak,R,5,0,0,0.0,0.0,0.0,76.5,0,,FALSE,Starter,84.1,CH
20260924_KC_PA2,20260924_KC,Groundout,101,+5,Randy Dobnak,R,8,1,0,82.7,-3.0,23.0,79.5,Pull,Ground Ball,FALSE,Starter,83.9,CH
20260924_KC_PA3,20260924_KC,Single,100,+7,Alex Lange,R,4,0,0,102.3,23.0,310.0,70.6,Center,Line Drive,TRUE,Starter,96.9,FF
20260924_KC_PA4,20260924_KC,Walk,110,+7,José Cuas,R,5,0,0,0.0,0.0,0.0,0.0,0,,FALSE,Starter,90.9,FF
20260924_KC_PA5,20260924_KC,Strikeout S,100,+8,Spencer Bivens,R,3,0,0,0.0,0.0,0.0,58.6,0,,FALSE,Starter,94.6,SI
20260925_COL_PA1,20260925_COL,Home Run,000,+1,Tomoyuki Sugano,R,5,1,1,103.3,37.0,386.0,78.1,Pull,Fly Ball,TRUE,Starter,86.0,SL
20260925_COL_PA2,20260925_COL,Strikeout L,000,+2,Tomoyuki Sugano,R,5,0,0,0.0,0.0,0.0,0.0,0,,FALSE,Starter,94.0,FF
20260925_COL_PA3,20260925_COL,Home Run,000,+3,Tomoyuki Sugano,R,2,1,1,109.4,30.0,412.0,73.6,Opposite,Fly Ball,TRUE,Starter,92.9,SI
20260925_COL_PA4,20260925_COL,Single,101,+5,Juan Mejia,R,3,1,0,113.0,18.0,277.0,79.4,Pull,Line Drive,TRUE,Starter,95.3,FF
20260926_COL_PA1,20260926_COL,Lineout,000,-3,José Quintana,L,3,0,0,80.4,28.0,279.0,72.1,Center,Fly Ball,FALSE,Starter,89.8,SI
20260926_COL_PA2,20260926_COL,Strikeout S,110,-2,José Quintana,L,7,0,0,0.0,0.0,0.0,73.7,0,,FALSE,Starter,79.0,CU
20260926_COL_PA3,20260926_COL,Strikeout S,000,-3,Ryan Feltner,R,3,0,0,0.0,0.0,0.0,77.8,0,,FALSE,Starter,85.3,CH
20260926_COL_PA4,20260926_COL,Flyout,010,-2,Brennan Bernardino,L,2,0,0,101.9,35.0,384.0,71.9,Center,Fly Ball,TRUE,Starter,76.2,CU
20260926_COL_PA5,20260926_COL,Popout,000,-3,Jordan Romano,R,1,0,0,95.3,70.0,111.0,78.2,Opposite,Popup,TRUE,Starter,92.8,FF
20260927_COL_PA1,20260927_COL,Groundout,000,0,Kyle Freeland,L,3,0,0,78.2,13.0,126.0,79.4,Opposite,Line Drive,FALSE,Starter,87.7,FC
20260927_COL_PA2,20260927_COL,Double,000,+1,Kyle Freeland,L,6,0,1,104.6,36.0,385.0,73.9,Center,Fly Ball,TRUE,Starter,85.6,FF
20260927_COL_PA3,20260927_COL,Flyout,000,+3,Mark Manfredi,L,5,0,0,95.9,27.0,342.0,77.3,Pull,Fly Ball,TRUE,Starter,93.9,#REF!
20260927_COL_PA4,20260927_COL,Strikeout S,000,+3,Nick Frasso,R,4,0,0,0.0,0.0,0.0,66.0,0,,FALSE,Starter,97.2,FF
,,,,,,,,,,,,,,,,,,,
,,,,,,,,,,,,,,,,,,,
,,,,,,,,,,,,,,,,,,,
,,,,,,,,,,,,,,,,,,,
,,,,,,,,,,,,,,,,,,,
,,,,,,,,,,,,,,,,,,,
,,,,,,,,,,,,,,,,,,,
,,,,,,,,,,,,,,,,,,,
,,,,,,,,,,,,,,,,,,,
,,,,,,,,,,,,,,,,,,,
,,,,,,,,,,,,,,,,,,,
,,,,,,,,,,,,,,,,,,,
,,,,,,,,,,,,,,,,,,,
,,,,,,,,,,,,,,,,,,,
,,,,,,,,,,,,,,,,,,,
,,,,,,,,,,,,,,,,,,,
,,,,,,,,,,,,,,,,,,,
,,,,,,,,,,,,,,,,,,,
,,,,,,,,,,,,,,,,,,,
,,,,,,,,,,,,,,,,,,,
,,,,,,,,,,,,,,,,,,,
,,,,,,,,,,,,,,,,,,,
,,,,,,,,,,,,,,,,,,,
,,,,,,,,,,,,,,,,,,,
,,,,,,,,,,,,,,,,,,,
,,,,,,,,,,,,,,,,,,,
,,,,,,,,,,,,,,,,,,,
,,,,,,,,,,,,,,,,,,,
,,,,,,,,,,,,,,,,,,,
,,,,,,,,,,,,,,,,,,,
,,,,,,,,,,,,,,,,,,,
,,,,,,,,,,,,,,,,,,,
,,,,,,,,,,,,,,,,,,,
,,,,,,,,,,,,,,,,,,,
,,,,,,,,,,,,,,,,,,,
,,,,,,,,,,,,,,,,,,,
,,,,,,,,,,,,,,,,,,,
,,,,,,,,,,,,,,,,,,,
,,,,,,,,,,,,,,,,,,,
,,,,,,,,,,,,,,,,,,,
,,,,,,,,,,,,,,,,,,,
,,,,,,,,,,,,,,,,,,,
,,,,,,,,,,,,,,,,,,,
,,,,,,,,,,,,,,,,,,,
,,,,,,,,,,,,,,,,,,,
,,,,,,,,,,,,,,,,,,,
,,,,,,,,,,,,,,,,,,,
,,,,,,,,,,,,,,,,,,,
,,,,,,,,,,,,,,,,,,,
,,,,,,,,,,,,,,,,,,,
,,,,,,,,,,,,,,,,,,,
,,,,,,,,,,,,,,,,,,,
,,,,,,,,,,,,,,,,,,,
,,,,,,,,,,,,,,,,,,,
,,,,,,,,,,,,,,,,,,,
,,,,,,,,,,,,,,,,,,,
,,,,,,,,,,,,,,,,,,,
,,,,,,,,,,,,,,,,,,,
,,,,,,,,,,,,,,,,,,,
,,,,,,,,,,,,,,,,,,,
,,,,,,,,,,,,,,,,,,,
,,,,,,,,,,,,,,,,,,,
,,,,,,,,,,,,,,,,,,,
,,,,,,,,,,,,,,,,,,,
,,,,,,,,,,,,,,,,,,,
,,,,,,,,,,,,,,,,,,,
,,,,,,,,,,,,,,,,,,,
,,,,,,,,,,,,,,,,,,,
,,,,,,,,,,,,,,,,,,,
,,,,,,,,,,,,,,,,,,,
,,,,,,,,,,,,,,,,,,,
,,,,,,,,,,,,,,,,,,,
,,,,,,,,,,,,,,,,,,,
,,,,,,,,,,,,,,,,,,,
,,,,,,,,,,,,,,,,,,,
,,,,,,,,,,,,,,,,,,,
,,,,,,,,,,,,,,,,,,,
,,,,,,,,,,,,,,,,,,,
,,,,,,,,,,,,,,,,,,,
,,,,,,,,,,,,,,,,,,,
,,,,,,,,,,,,,,,,,,,
,,,,,,,,,,,,,,,,,,,
,,,,,,,,,,,,,,,,,,,
,,,,,,,,,,,,,,,,,,,
,,,,,,,,,,,,,,,,,,,
,,,,,,,,,,,,,,,,,,,
,,,,,,,,,,,,,,,,,,,
,,,,,,,,,,,,,,,,,,,
,,,,,,,,,,,,,,,,,,,
,,,,,,,,,,,,,,,,,,,
,,,,,,,,,,,,,,,,,,,
,,,,,,,,,,,,,,,,,,,
,,,,,,,,,,,,,,,,,,,
,,,,,,,,,,,,,,,,,,,
,,,,,,,,,,,,,,,,,,,
,,,,,,,,,,,,,,,,,,,
,,,,,,,,,,,,,,,,,,,
,,,,,,,,,,,,,,,,,,,
,,,,,,,,,,,,,,,,,,,
,,,,,,,,,,,,,,,,,,,
,,,,,,,,,,,,,,,,,,,
,,,,,,,,,,,,,,,,,,,
,,,,,,,,,,,,,,,,,,,
,,,,,,,,,,,,,,,,,,,
,,,,,,,,,,,,,,,,,,,
,,,,,,,,,,,,,,,,,,,
,,,,,,,,,,,,,,,,,,,
,,,,,,,,,,,,,,,,,,,
,,,,,,,,,,,,,,,,,,,
,,,,,,,,,,,,,,,,,,,